tnea_code,sl_no,branch_code,approved_intake,year_of_starting,nba_accredited,accreditation_valid_upto,approval_note
1441,1,CE,30,2009.0,No,,
1441,2,CS,90,2012.0,No,,
1441,3,EC,60,2009.0,No,,
1441,4,EE,60,2009.0,No,,
1441,5,ME,60,2009.0,No,,
1441,6,AD,60,2023.0,No,,
1441,7,IT,60,2023.0,No,,
1436,1,AD,60,2022.0,No,,
1436,2,CE,30,2010.0,No,,
1436,3,ME,60,2009.0,No,,
1436,4,CS,60,2008.0,No,,
1436,5,EC,60,2008.0,No,,
1436,6,EE,30,2008.0,No,,
3821,1,CE,30,2005.0,No,,
3821,2,CS,90,2002.0,No,,
3821,3,EE,30,2003.0,No,,
3821,4,EC,60,2002.0,No,,
3821,5,ME,30,2011.0,No,,
3821,6,AG,60,2022.0,No,,
3821,7,BM,60,2022.0,No,,
3821,8,AD,60,2023.0,No,,
1232,1,AD,60,2023.0,No,,
1232,2,IT,60,2008.0,No,,
1232,3,CS,60,2008.0,No,,
1232,4,CE,30,2014.0,No,,
1232,5,EC,60,2008.0,No,,
1232,6,ME,60,2009.0,No,,
3801,1,CS,120,1996.0,Yes,2028,
3801,2,EC,60,1996.0,Yes,2028,
3801,3,EE,60,2011.0,Yes,2028,
3801,4,IC,30,2001.0,No,,
3801,5,IT,120,1999.0,No,,
3801,6,AD,60,2024.0,No,,
3801,7,CE,30,2011.0,No,,
3801,8,ME,30,1996.0,Yes,2028,
2636,1,AD,240,2021.0,No,,
2636,2,BM,60,2022.0,No,,
2636,3,CE,30,2010.0,No,,
2636,4,CS,180,2008.0,No,,
2636,5,EC,120,2008.0,No,,
2636,6,EE,60,2008.0,No,,
2636,7,IT,120,2023.0,No,,
2636,8,ME,60,2009.0,No,,
2636,9,AL,60,2025.0,No,,
4680,1,CE,60,2013.0,Yes,2027,
4680,2,CS,180,2013.0,Yes,2026,
4680,3,EE,60,2013.0,Yes,2026,
4680,4,EC,120,2013.0,Yes,2026,
4680,5,ME,60,2013.0,Yes,2026,
4680,6,AD,120,2023.0,No,,
4680,7,SC,60,2023.0,No,,
4680,8,IT,60,2023.0,No,,
4680,9,EV,60,2026.0,,,
1101,1,AD,60,2022.0,No,,
1101,2,CS,120,2000.0,Yes,2027,
1101,3,IT,60,2006.0,Yes,2027,
1101,4,EE,30,2000.0,No,,
1101,5,EC,120,2000.0,Yes,2027,
1101,6,ME,60,2007.0,Yes,2027,
1101,7,SC,60,2024.0,No,,
1101,8,CB,30,2024.0,No,,
1101,9,AM,30,2024.0,No,,
1101,10,CE,30,2026.0,,,Subject to Anna University approval
1233,1,AD,60,2021.0,No,,
1233,2,EC,60,2008.0,No,,
1233,3,EE,60,2008.0,No,,
1233,4,IT,60,2022.0,No,,
1233,5,ME,60,2010.0,No,,
1233,6,CS,120,2008.0,No,,
1233,7,AM,30,2026.0,,,
1233,8,SC,30,2026.0,,,
1501,1,CE,30,2012.0,No,,
1501,2,CS,60,2001.0,No,,
1501,3,EC,60,2001.0,No,,
1501,4,EE,30,2004.0,No,,
1501,5,IT,60,2001.0,No,,
1501,6,ME,30,2011.0,No,,
1501,7,AD,60,2024.0,No,,
1501,8,SC,30,2024.0,No,,
1401,1,CE,60,1984.0,No,,
1401,2,ME,60,1984.0,No,,
1401,3,EE,60,1993.0,No,,
1401,4,EC,90,1984.0,No,,
1401,5,CS,90,1993.0,No,,
1401,6,IT,60,1998.0,No,,
1401,7,CH,40,1997.0,No,,
1401,8,AM,30,2023.0,No,,
1401,9,CD,60,2025.0,No,,
1401,10,AG,60,2025.0,No,,
2601,1,AE,60,2009.0,No,,
2601,2,AD,120,2023.0,No,,
2601,3,BM,60,2003.0,Yes,2027,
2601,4,BT,60,2003.0,Yes,2027,
2601,5,CE,30,1993.0,No,,
2601,6,CH,30,1993.0,No,,
2601,7,CS,180,1991.0,Yes,2027,
2601,8,EC,180,1991.0,Yes,2027,
2601,9,EE,60,1992.0,Yes,2027,
2601,10,IT,60,2001.0,Yes,2027,
2601,11,ME,60,1991.0,No,,
2601,12,AR,20,1993.0,No,,
2601,13,SC,120,2024.0,No,,
2601,14,AM,60,2025.0,No,,
2601,15,CB,60,2025.0,No,,
2744,1,CE,30,2013.0,No,,
2744,2,CS,120,2008.0,No,,
2744,3,EE,60,2011.0,No,,
2744,4,EC,60,2008.0,No,,
2744,5,ME,60,2008.0,No,,
2744,6,IT,60,2008.0,No,,
2744,7,AD,60,2023.0,No,,
1316,1,AD,120,2021.0,No,,
1316,2,BM,60,2014.0,Yes,2027,
1316,3,CE,30,2010.0,No,,
1316,4,CS,180,2001.0,Yes,2028,
1316,5,EE,60,2001.0,Yes,2028,
1316,6,EC,60,2001.0,Yes,2026,
1316,7,ME,30,2010.0,Yes,2028,
1316,8,CH,30,2016.0,Yes,2028,
1316,9,IT,120,2001.0,Yes,2028,
1316,10,MZ,60,2014.0,Yes,2027,
2332,1,CE,60,2011.0,No,,
2332,2,CS,60,2011.0,No,,
2332,3,EC,60,2011.0,No,,
2332,4,EE,60,2011.0,No,,
2332,5,ME,60,2011.0,No,,
2332,6,AD,60,2023.0,No,,
2763,1,AD,60,2022.0,No,,
2763,2,CS,120,2009.0,Yes,2027,
2763,3,CB,30,2022.0,No,,
2763,4,CE,30,2010.0,Yes,2027,
2763,5,EE,30,2023.0,No,,
2763,6,EC,90,2009.0,Yes,2027,
2763,7,ME,60,2009.0,No,,
2763,8,MZ,30,2013.0,No,,
2763,9,SC,30,2026.0,,,Subject to Anna University approval
2652,1,AD,30,2022.0,No,,
2652,2,IT,30,2020.0,No,,
2652,3,CS,60,2009.0,No,,
2652,4,EE,30,2009.0,Yes,2027,
2652,5,EC,30,2009.0,Yes,2027,
2652,6,ME,60,2009.0,No,,
5901,1,CE,60,1952.0,Yes,2027,
5901,2,ME,120,1952.0,Yes,2027,
5901,3,EE,120,1952.0,Yes,2027,
5901,4,EC,60,1969.0,Yes,2028,
5901,5,CS,60,2001.0,No,,
5901,6,IT,60,2025.0,No,,
1228,1,SC,60,2024.0,No,,
1228,2,RM,30,2024.0,No,,
1228,3,CS,60,2006.0,No,,
1228,4,EC,30,2006.0,No,,
1228,5,IT,60,2006.0,No,,
1228,6,AD,60,2023.0,No,,
1228,7,BM,30,2006.0,No,,
1303,1,CS,120,2000.0,Yes,2028,
1303,2,EE,30,2002.0,Yes,2026,
1303,3,EC,60,2000.0,Yes,2028,
1303,4,ME,60,2003.0,No,,
1303,5,IT,60,2000.0,No,,
1303,6,AD,120,2020.0,No,,
1303,7,BT,60,2020.0,No,,
1303,8,CB,60,2022.0,No,,
1303,9,SC,60,2025.0,No,,
2733,1,CE,30,2014.0,No,,
2733,2,CS,60,2007.0,No,,
2733,3,EE,30,2008.0,No,,
2733,4,EC,60,2007.0,No,,
2733,5,ME,30,2009.0,No,,
2733,6,FT,60,2007.0,No,,
3803,1,CH,30,1996.0,No,,
3803,2,CE,30,2014.0,No,,
3803,3,CS,90,1995.0,No,,
3803,4,EC,90,1995.0,Yes,2027,
3803,5,EE,60,1996.0,No,,
3803,6,IT,90,1999.0,Yes,2027,
3803,7,ME,60,1993.0,Yes,2027,
3803,8,AD,60,2025.0,No,,
2025,1,AD,60,2022.0,No,,
2025,2,CS,120,2018.0,No,,
2025,3,EC,60,2018.0,No,,
2025,4,EE,60,2018.0,No,,
2025,5,ME,60,2018.0,No,,
2025,6,EL,60,2024.0,No,,
5010,1,CE,60,2018.0,No,,
5010,2,CS,60,2018.0,No,,
5010,3,EE,60,2022.0,No,,
5010,4,EC,60,2018.0,No,,
5010,5,ME,60,2018.0,No,,
5010,6,AM,60,2025.0,No,,
5010,7,EV,30,2026.0,,,
4020,1,CS,120,2018.0,No,,
4020,2,EC,60,2018.0,No,,
4020,3,GI,60,2018.0,No,,
4020,4,ME,60,2018.0,No,,
4020,5,AD,60,2024.0,No,,
3849,1,CE,60,2009.0,No,,
3849,2,ME,60,2009.0,No,,
3849,3,EC,60,2009.0,No,,
3849,4,IT,60,2009.0,No,,
3849,5,EE,60,2010.0,No,,
3849,6,CS,60,2014.0,No,,
3849,7,AD,60,2024.0,No,,
3849,8,SC,60,2025.0,No,,
2602,1,AD,30,2022.0,No,,
2602,2,AG,30,2022.0,No,,
2602,3,CS,60,1996.0,No,,
2602,4,EC,30,1996.0,No,,
2602,5,IT,60,2022.0,No,,
2602,6,ME,30,2004.0,No,,
2602,7,MD,60,2019.0,No,,
2602,8,RM,30,2022.0,No,,
1137,1,EC,60,2012.0,No,,
1137,2,EE,30,2012.0,No,,
1137,3,IT,60,2023.0,No,,
1137,4,CE,30,2012.0,No,,
1137,5,AD,120,2021.0,No,,
1137,6,CS,120,2012.0,No,,
1137,7,ME,60,2012.0,No,,
1137,8,AM,60,2026.0,,,
1402,1,CS,60,2007.0,No,,
1402,2,EC,60,2001.0,No,,
1402,3,EE,60,1998.0,No,,
1402,4,ME,60,1998.0,No,,
4999,1,AD,60,2020.0,No,,
4999,2,CS,60,2008.0,No,,
4999,3,ME,60,2009.0,No,,
4999,4,EC,60,2008.0,No,,
4999,5,BM,60,2023.0,No,,
5,1,AM,60,2019.0,No,,
5,2,CS,120,1988.0,Yes,2028,
5,3,CE,60,1945.0,No,,
5,4,CZ,60,1977.0,No,,
5,5,EC,60,2002.0,No,,
5,6,EE,120,1945.0,Yes,2028,
5,7,EI,60,1977.0,No,,
5,8,ME,120,1945.0,No,,
5,9,MM,60,1977.0,No,,
5,10,CH,120,1945.0,Yes,2028,
5,11,IT,120,1999.0,No,,
5,12,CF,60,2019.0,No,,
1524,1,CE,30,2009.0,No,,
1524,2,CS,60,2009.0,No,,
1524,3,EE,30,2011.0,No,,
1524,4,EC,30,2009.0,No,,
1524,5,ME,60,2009.0,No,,
1524,6,IT,30,2023.0,No,,
1524,7,AD,30,2026.0,,,
2648,1,AU,60,2011.0,Yes,2027,
2648,2,CE,60,2010.0,Yes,2028,
2648,3,AD,60,2023.0,No,,
2648,4,BM,60,2023.0,No,,
2648,5,CS,60,2010.0,Yes,2028,
2648,6,EC,60,2010.0,Yes,2027,
2648,7,EE,60,2010.0,Yes,2028,
2648,8,IT,60,2023.0,No,,
2648,9,ME,60,2010.0,Yes,2027,
1230,1,AE,60,2012.0,No,,
1230,2,AD,60,2023.0,No,,
1230,3,CB,60,2023.0,No,,
1230,4,CS,60,2007.0,No,,
1230,5,SC,30,2023.0,No,,
1230,6,EE,30,2007.0,No,,
1230,7,EC,60,2007.0,No,,
3804,1,AD,60,2023.0,No,,
3804,2,BM,60,2019.0,No,,
3804,3,EC,60,2001.0,No,,
3804,4,EE,48,2002.0,No,,
3804,5,ME,60,2005.0,No,,
3804,6,IT,60,2024.0,No,,
3804,7,CS,120,2001.0,No,,
3461,1,CS,60,2013.0,No,,
3461,2,EC,30,2013.0,No,,
3461,3,EE,30,2013.0,No,,
3461,4,AD,60,2022.0,No,,
3461,5,SC,30,2024.0,No,,
3461,6,IT,30,2024.0,No,,
3461,7,ME,30,2013.0,No,,
2367,1,CE,30,2013.0,No,,
2367,2,EC,30,2013.0,No,,
2367,3,ME,30,2013.0,No,,
2367,4,AD,60,2020.0,No,,
2367,5,CB,60,2021.0,No,,
2367,6,IT,60,2023.0,No,,
2367,7,AM,60,2024.0,No,,
2367,8,SC,60,2024.0,No,,
2367,9,CS,120,2013.0,No,,
1503,1,CE,30,1985.0,No,,
1503,2,EC,30,1985.0,No,,
1503,3,EE,30,1999.0,No,,
1503,4,CS,60,1992.0,No,,
1503,5,IC,0,1995.0,No,,
1503,6,ME,60,1985.0,No,,
1503,7,IT,30,1999.0,No,,
1503,8,BT,0,2006.0,No,,
1503,9,CH,0,1999.0,No,,
1503,10,AD,60,2025.0,No,,
2356,1,CS,60,2012.0,No,,
2356,2,EC,30,2012.0,No,,
2356,3,ME,60,2012.0,No,,
2356,4,CE,30,2012.0,No,,
2356,5,EE,30,2014.0,No,,
2356,6,AD,30,2023.0,No,,
4944,1,AD,240,2021.0,No,,
4944,2,CS,240,2009.0,No,,
4944,3,EE,60,2009.0,No,,
4944,4,EC,180,2009.0,No,,
4944,5,IT,60,2022.0,No,,
4677,1,CS,180,2013.0,No,,
4677,2,EC,60,2013.0,No,,
4677,3,EE,60,2013.0,No,,
4677,4,AD,180,2024.0,No,,
4677,5,IT,60,2024.0,No,,
4677,6,ME,60,2026.0,,,
1504,1,BT,60,2002.0,Yes,2028,
1504,2,CS,240,1993.0,Yes,2028,
1504,3,EC,120,1995.0,Yes,2026,
1504,4,EE,60,1993.0,Yes,2026,
1504,5,IT,120,1998.0,Yes,2026,
1504,6,ME,60,1993.0,No,,
1504,7,CE,30,2007.0,No,,
1504,8,CH,30,1997.0,No,,
1504,9,SC,60,2022.0,No,,
1504,10,AG,0,2023.0,No,,
1504,11,AD,180,2022.0,No,,
1504,12,AM,120,2023.0,No,,
1504,13,CB,60,2026.0,,,
1423,1,SC,60,2024.0,No,,
1423,2,CS,60,2002.0,No,,
1423,3,EC,60,2002.0,No,,
1423,4,ME,30,2004.0,No,,
1423,5,IT,60,2023.0,No,,
1423,6,AD,60,2023.0,No,,
1423,7,EE,30,2026.0,,,
2338,1,CS,60,2013.0,No,,
2338,2,EE,30,2013.0,No,,
2338,3,ME,30,2013.0,No,,
2338,4,BM,60,2020.0,No,,
2338,5,AG,60,2021.0,No,,
2338,6,AD,60,2022.0,No,,
2338,7,IT,60,2023.0,No,,
2347,1,AD,120,2024.0,No,,
2347,2,AG,60,2021.0,No,,
2347,3,EC,60,2013.0,No,,
2347,4,EE,60,2014.0,No,,
2347,5,IT,120,2022.0,No,,
2347,6,ME,60,2013.0,No,,
2347,7,CS,120,2013.0,No,,
2347,8,SC,60,2026.0,,,Subject to Both AU and AICTE approval
3555,1,AU,60,2026.0,,,
3555,2,EE,60,2026.0,,,
3555,3,ME,120,2026.0,,,
3555,4,MZ,60,2026.0,,,
2702,1,CS,360,1996.0,Yes,2026,
2702,2,EC,360,1998.0,Yes,2026,
2702,3,EE,120,1996.0,Yes,2025,
2702,4,EI,120,2007.0,Yes,2028,
2702,5,MZ,120,2012.0,Yes,2028,
2702,6,ME,120,1996.0,Yes,2031,
2702,7,AD,360,2020.0,No,,
2702,8,AG,60,2015.0,Yes,2028,
2702,9,AL,0,2021.0,No,,
2702,10,BT,180,2003.0,Yes,2026,
2702,11,IT,360,1999.0,Yes,2028,
4992,1,AM,60,2024.0,No,,
4992,2,CE,0,2010.0,No,,
4992,3,CS,120,2008.0,No,,
4992,4,EC,60,2008.0,No,,
4992,5,EE,30,2008.0,No,,
4992,6,IT,60,2008.0,No,,
4992,7,ME,60,2010.0,No,,
4992,8,BM,60,2025.0,No,,
4992,9,AD,60,2026.0,,,Subject to Anna University approval
1102,1,CS,30,2001.0,No,,
1102,2,CE,30,2014.0,No,,
1102,3,EC,30,2001.0,No,,
1102,4,EE,30,2002.0,No,,
1102,5,ME,30,2011.0,No,,
1102,6,IT,30,2001.0,No,,
1102,7,AD,30,2025.0,No,,
5902,1,AD,60,2022.0,No,,
5902,2,CE,30,2012.0,No,,
5902,3,CS,60,1998.0,No,,
5902,4,EC,60,1998.0,No,,
5902,5,IT,60,2007.0,No,,
5902,6,ME,60,1998.0,No,,
5902,7,AG,30,2024.0,No,,
5902,8,EE,30,2007.0,No,,
1519,1,EC,60,2002.0,No,,
1519,2,EE,60,2011.0,No,,
1519,3,IT,60,2002.0,No,,
1519,4,ME,60,2009.0,No,,
1519,5,CS,120,2002.0,No,,
1519,6,AD,60,2024.0,No,,
2643,1,AD,120,2022.0,No,,
2643,2,CS,120,2008.0,No,,
2643,3,EE,60,2008.0,No,,
2643,4,EC,60,2008.0,No,,
2643,5,SC,60,2024.0,No,,
2643,6,IT,60,2025.0,No,,
1505,1,AD,60,2022.0,No,,
1505,2,CE,30,2008.0,No,,
1505,3,CS,120,1998.0,No,,
1505,4,EC,60,2001.0,No,,
1505,5,EE,30,1998.0,No,,
1505,6,IT,120,2001.0,Yes,2026,
1505,7,ME,60,1998.0,No,,
1505,8,AL,60,2025.0,No,,
3425,1,AD,60,2022.0,No,,
3425,2,CS,60,2002.0,No,,
3425,3,CE,30,2011.0,No,,
3425,4,EE,60,2002.0,No,,
3425,5,EC,60,2002.0,No,,
3425,6,ME,60,2009.0,No,,
3425,7,BM,30,2024.0,No,,
3425,8,RM,30,2024.0,No,,
3425,9,IT,30,2024.0,No,,
2772,1,CS,60,2009.0,No,,
2772,2,EC,60,2009.0,No,,
2772,3,ME,30,2010.0,No,,
2772,4,SC,60,2023.0,No,,
2772,5,IT,30,2023.0,No,,
2772,6,AD,120,2022.0,No,,
2772,7,AM,60,2024.0,No,,
2772,8,EE,30,2026.0,,,
4952,1,AM,60,2024.0,No,,
4952,2,CE,30,2005.0,No,,
4952,3,CS,120,1995.0,No,,
4952,4,EE,60,1995.0,No,,
4952,5,EC,60,1999.0,No,,
4952,6,ME,60,1995.0,No,,
4952,7,IT,60,2000.0,No,,
4952,8,AD,60,2023.0,No,,
4953,1,CE,30,2008.0,No,,
4953,2,AM,30,2023.0,No,,
4953,3,CS,120,2001.0,No,,
4953,4,EC,60,2001.0,No,,
4953,5,IT,60,2001.0,No,,
4953,6,EE,60,2005.0,No,,
4953,7,ME,90,2005.0,No,,
3841,1,AD,120,2020.0,No,,
3841,2,CE,60,2009.0,No,,
3841,3,ME,60,2009.0,Yes,2027,
3841,4,EC,120,2010.0,Yes,2027,
3841,5,CS,120,2011.0,Yes,2027,
3841,6,DA,30,2024.0,No,,
5012,1,CC,40,1988.0,Yes,2028,
1321,1,MN,60,2010.0,No,,
1321,2,PA,60,2008.0,Yes,2028,
3926,1,CE,30,2010.0,No,,
3926,2,EC,60,2008.0,No,,
3926,3,EE,60,2008.0,No,,
3926,4,ME,60,2009.0,No,,
3926,5,AD,60,2023.0,No,,
3926,6,CS,90,2008.0,No,,
3926,7,IT,60,2025.0,No,,
1399,1,AD,360,2020.0,No,,
1399,2,AM,300,2022.0,No,,
1399,3,CB,120,2020.0,No,,
1399,4,CS,1140,2010.0,Yes,2027,
1399,5,CE,30,2010.0,Yes,2026,
1399,6,EE,60,2010.0,Yes,2027,
1399,7,EC,360,2010.0,Yes,2027,
1399,8,IT,360,2019.0,Yes,2029,
1399,9,ME,120,2010.0,Yes,2030,
1399,10,MZ,60,2013.0,Yes,2027,
1399,11,SC,60,2022.0,No,,
1399,12,BM,60,2019.0,Yes,2029,
1399,13,EA,60,2023.0,No,,
1399,14,EV,60,2023.0,No,,
2378,1,EC,60,2023.0,No,,
2378,2,CS,60,2023.0,No,,
2378,3,SC,60,2023.0,No,,
2378,4,AD,60,2025.0,No,,
2378,5,AL,60,2025.0,No,,
2630,1,AD,60,2022.0,No,,
2630,2,CS,60,2007.0,Yes,2028,
2630,3,EC,60,2007.0,Yes,2028,
2630,4,EE,60,2008.0,No,,
2630,5,ME,60,2011.0,No,,
2630,6,IT,60,2024.0,No,,
2650,1,AD,120,2022.0,No,,
2650,2,CS,120,2010.0,No,,
2650,3,EC,60,2010.0,No,,
2650,4,IT,60,2023.0,No,,
2650,5,ME,60,2010.0,No,,
2650,6,AL,60,2025.0,No,,
2650,7,SC,60,2026.0,,,
5703,1,CS,60,2001.0,No,,
5703,2,EC,60,2001.0,No,,
5703,3,IT,60,2001.0,No,,
5703,4,CE,30,2009.0,No,,
5703,5,AD,60,2023.0,No,,
5703,6,AG,30,2023.0,No,,
5703,7,AM,30,2024.0,No,,
5703,8,ME,30,2009.0,No,,
5703,9,EE,30,2005.0,No,,
2635,1,SC,60,2024.0,No,,
2635,2,EC,30,2007.0,No,,
2635,3,EE,30,2007.0,No,,
2635,4,ME,30,2009.0,No,,
2635,5,BM,60,2022.0,No,,
2635,6,AD,120,2022.0,No,,
2635,7,CS,120,2007.0,No,,
2635,8,AM,60,2026.0,,,Subject to Both AU and AICTE approval
2704,1,CE,30,2011.0,No,,
2704,2,CS,120,2001.0,No,,
2704,3,EC,60,2001.0,No,,
2704,4,EE,30,2007.0,No,,
2704,5,IT,60,2001.0,No,,
2704,6,ME,60,2009.0,No,,
2704,7,AM,30,2024.0,No,,
2704,8,EV,30,2024.0,No,,
2704,9,MZ,60,2012.0,No,,
2704,10,SC,60,2023.0,No,,
2704,11,AD,120,2022.0,No,,
2007,1,CE,45,1956.0,Yes,2028,
2007,2,CN,15,2011.0,Yes,2028,
2007,3,ME,65,1956.0,Yes,2028,
2007,4,MF,55,2009.0,Yes,2028,
2007,5,EE,65,1956.0,Yes,2028,
2007,6,EY,55,2013.0,Yes,2028,
2007,7,EC,60,1968.0,Yes,2028,
2007,8,EM,60,2008.0,Yes,2028,
2007,9,CS,60,1986.0,Yes,2028,
2007,10,CM,120,2008.0,Yes,2028,
2007,11,IM,60,2000.0,Yes,2027,
2007,12,CH,40,1963.0,Yes,2028,
2007,13,CL,20,2018.0,Yes,2028,
2007,14,AT,60,2021.0,No,,
2007,15,EL,60,2026.0,,,
2705,1,CS,120,1998.0,No,,
2705,2,IT,60,2001.0,No,,
2705,3,AD,60,2023.0,No,,
2705,4,AM,60,2024.0,No,,
2705,5,SC,60,2024.0,No,,
2705,6,EC,30,2009.0,No,,
2705,7,ME,30,1998.0,No,,
1202,1,CE,30,,,,
1202,2,AD,120,2021.0,No,,
1202,3,CS,180,2001.0,No,,
1202,4,EC,120,2001.0,Yes,2028,
1202,5,EE,30,2002.0,No,,
1202,6,IT,90,2001.0,No,,
1202,7,ME,60,2009.0,Yes,2028,
1202,8,AM,60,2023.0,No,,
4946,1,AD,120,2022.0,No,,
4946,2,CS,120,2009.0,No,,
4946,3,EC,120,2009.0,No,,
4946,4,EE,30,2010.0,No,,
4946,5,IT,60,2023.0,No,,
4946,6,ME,60,2009.0,No,,
2349,1,CS,60,2013.0,No,,
2349,2,BM,30,2017.0,No,,
2349,3,FD,30,2019.0,No,,
2349,4,RM,60,2020.0,No,,
2349,5,AD,60,2021.0,No,,
2349,6,AM,30,2024.0,No,,
2349,7,SC,30,2024.0,No,,
2349,8,EC,30,2024.0,No,,
2349,9,IT,30,2025.0,No,,
1424,1,AD,120,2020.0,No,,
1424,2,CB,30,2022.0,No,,
1424,3,CS,180,2002.0,No,,
1424,4,EC,60,2002.0,No,,
1424,5,EE,30,2002.0,No,,
1424,6,ME,0,2008.0,No,,
1424,7,PE,30,2014.0,No,,
1424,8,RM,30,2020.0,No,,
1424,9,AM,60,2026.0,,,
1405,1,AM,60,2024.0,No,,
1405,2,IT,90,2024.0,No,,
1405,3,AD,180,2020.0,No,,
1405,4,CS,180,2001.0,No,,
1405,5,EC,90,2001.0,No,,
1405,6,EE,30,2001.0,No,,
1405,7,ME,30,2011.0,No,,
1405,8,SC,60,2022.0,No,,
3805,1,AE,60,2006.0,Yes,2027,
3805,2,AD,180,2020.0,No,,
3805,3,BM,60,2005.0,Yes,2025,
3805,4,CE,60,2008.0,No,,
3805,5,CS,180,2001.0,Yes,2027,
3805,6,EE,60,2002.0,Yes,2025,
3805,7,EC,180,2001.0,Yes,2025,
3805,8,FD,60,2018.0,No,,
3805,9,IT,180,2001.0,Yes,2027,
3805,10,ME,60,2005.0,Yes,2027,
3805,11,SC,60,2023.0,No,,
2743,1,AD,240,2020.0,No,,
2743,2,AG,30,2021.0,No,,
2743,3,BM,120,2019.0,Yes,2028,
2743,4,CS,300,2008.0,Yes,2028,
2743,5,EC,240,2008.0,Yes,2026,
2743,6,EE,60,2008.0,Yes,2028,
2743,7,FD,60,2019.0,Yes,2028,
2743,8,ME,120,2009.0,Yes,2026,
2743,9,SC,120,2022.0,No,,
2743,10,IT,60,2026.0,,,
2743,11,BT,60,2026.0,,,
1322,1,AD,300,2022.0,No,,
1322,2,AE,60,2007.0,Yes,2026,
1322,3,AG,30,2019.0,No,,
1322,4,BM,60,2019.0,No,,
1322,5,CS,240,2001.0,Yes,2025,
1322,6,SC,60,2022.0,No,,
1322,7,EC,120,2001.0,Yes,2025,
1322,8,EE,30,2004.0,Yes,2025,
1322,9,CE,30,2012.0,No,,
1322,10,IT,180,2001.0,Yes,2026,
1322,11,FD,30,2019.0,No,,
1322,12,ME,60,2004.0,Yes,2026,
1322,13,AM,60,2024.0,No,,
1322,14,EF,30,2025.0,No,,
1322,15,RI,30,2025.0,No,,
1322,16,CI,60,2025.0,No,,
1322,17,ER,30,2025.0,No,,
1322,18,MZ,60,2026.0,,,
2323,1,AD,120,2026.0,,,
2323,2,CS,120,2026.0,,,
2323,3,EC,60,2026.0,,,
2323,4,IT,60,2026.0,,,
4975,1,CS,120,2002.0,Yes,2026,
4975,2,EC,60,2002.0,No,,
4975,3,EE,40,2002.0,No,,
4975,4,CE,30,2018.0,No,,
4975,5,ME,30,2018.0,No,,
2706,1,AD,120,2021.0,No,,
2706,2,AM,60,2022.0,No,,
2706,3,SC,60,2022.0,No,,
2706,4,EC,180,1998.0,Yes,2028,
2706,5,EE,120,2002.0,Yes,2028,
2706,6,IT,180,1999.0,Yes,2028,
2706,7,AU,60,2007.0,Yes,2027,
2706,8,CE,60,2007.0,Yes,2027,
2706,9,CS,180,1998.0,Yes,2028,
2706,10,ME,60,1998.0,Yes,2028,
2706,11,EV,120,2023.0,No,,
2736,1,AD,120,2021.0,No,,
2736,2,BM,60,2012.0,Yes,2028,
2736,3,CB,60,2022.0,No,,
2736,4,CE,30,2011.0,No,,
2736,5,CS,240,2007.0,Yes,2028,
2736,6,EC,180,2007.0,Yes,2028,
2736,7,EE,60,2007.0,Yes,2028,
2736,8,ME,60,2009.0,Yes,2028,
2736,9,IT,120,2007.0,Yes,2028,
2736,10,SC,60,2023.0,No,,
4954,1,CE,30,2002.0,No,,
4954,2,CS,120,1995.0,No,,Subject to Anna University approval
4954,3,EE,30,1995.0,No,,
4954,4,EC,30,1999.0,No,,
4954,5,ME,30,1995.0,No,,
4954,6,IT,60,2001.0,No,,
4954,7,AD,60,2023.0,No,,Subject to Anna University approval
3806,1,IT,120,2000.0,Yes,2028,
3806,2,CS,120,1995.0,Yes,2028,
3806,3,EC,120,2004.0,Yes,2028,
3806,4,EE,60,2000.0,Yes,2027,
3806,5,ME,120,1995.0,Yes,2027,
3806,6,CE,60,2011.0,Yes,2027,
3806,7,BM,60,2019.0,Yes,2028,
3806,8,CB,60,2020.0,No,,
3806,9,AD,120,2022.0,No,,
3806,10,AL,60,2026.0,,,
3806,11,SC,60,2026.0,,,
1428,1,AD,60,2023.0,No,,
1428,2,CS,120,2007.0,No,,
1428,3,EC,60,2007.0,No,,
1428,4,IT,120,2023.0,No,,
2749,1,AD,120,2020.0,No,,
2749,2,AG,60,2020.0,No,,
2749,3,CS,60,2008.0,No,,
2749,4,EC,60,2008.0,No,,
2749,5,IT,60,2008.0,No,,
2749,6,SC,60,2022.0,No,,
2749,7,ME,60,2009.0,No,,
2749,8,AM,60,2024.0,No,,
2749,9,EE,60,2024.0,No,,
2749,10,BM,60,2024.0,No,,
1304,1,CB,60,2024.0,No,,
1304,2,CD,60,2024.0,No,,
1304,3,BT,60,2024.0,No,,
1304,4,BM,60,2020.0,No,,
1304,5,CE,60,2007.0,Yes,2026,
1304,6,RM,60,2020.0,No,,
1304,7,ME,120,2003.0,Yes,2026,
1304,8,SC,60,2022.0,No,,
1304,9,IT,300,1999.0,Yes,2026,
1304,10,AU,30,2014.0,Yes,2026,
1304,11,AD,240,2020.0,No,,
1304,12,CS,420,1996.0,Yes,2026,
1304,13,EC,240,1996.0,Yes,2026,
1304,14,EE,120,1996.0,Yes,2026,
1304,15,AM,120,2022.0,No,,
4980,1,CS,120,2004.0,No,,
4980,2,CE,30,2009.0,No,,
4980,3,EE,60,2004.0,No,,
4980,4,EC,60,2004.0,No,,
4980,5,ME,60,2004.0,No,,
4980,6,AD,60,2024.0,No,,
2621,1,AE,60,2007.0,No,,
2621,2,CE,60,2012.0,No,,
2621,3,CH,60,2023.0,No,,
2621,4,CB,60,2022.0,No,,
2621,5,EC,120,2002.0,Yes,2028,
2621,6,CS,120,2012.0,Yes,2028,
2621,7,EE,60,2002.0,Yes,2028,
2621,8,IT,120,2007.0,Yes,2028,
2621,9,MC,60,2013.0,No,,
2621,10,ME,120,2002.0,Yes,2028,
2621,11,AM,60,2025.0,No,,
2621,12,AD,120,2022.0,No,,
2707,1,AD,180,2020.0,No,,
2707,2,AG,30,2020.0,No,,
2707,3,BM,120,2018.0,Yes,2028,
2707,4,CD,60,2021.0,No,,
2707,5,CE,30,2002.0,Yes,2026,
2707,6,CH,60,1996.0,Yes,2026,
2707,7,CJ,60,2021.0,No,,
2707,8,EC,180,2000.0,Yes,2028,
2707,9,EE,120,1996.0,Yes,2028,
2707,10,EI,60,2001.0,Yes,2026,
2707,11,CS,180,1999.0,Yes,2028,
2707,12,IT,180,2019.0,Yes,2028,
2707,13,ME,60,1996.0,Yes,2026,
2707,14,XM,30,2021.0,No,,
2707,15,RM,60,2020.0,No,,
2707,16,BT,60,2023.0,No,,
2707,17,AM,60,2024.0,No,,
2707,18,SC,60,2024.0,No,,
2707,19,CI,60,2025.0,No,,
2707,20,VL,60,2026.0,,,
2634,1,AE,60,2007.0,Yes,2028,
2634,2,AG,60,2019.0,Yes,2027,
2634,3,AD,180,2020.0,No,,
2634,4,BM,120,2019.0,Yes,2027,
2634,5,CS,240,2007.0,Yes,2028,
2634,6,CE,60,2009.0,Yes,2027,
2634,7,EC,240,2007.0,No,,
2634,8,FD,60,2019.0,No,,
2634,9,ME,60,2008.0,No,,
2634,10,IT,240,2007.0,No,,
2634,11,SF,60,2020.0,No,,
2634,12,CB,60,2021.0,No,,
2634,13,EE,120,2021.0,No,,
2634,14,PC,60,2021.0,No,,
2634,15,CJ,60,2023.0,No,,
2634,16,AL,60,2025.0,No,,
2634,17,AR,40,2025.0,No,,
5935,1,CE,30,2009.0,No,,
5935,2,CS,60,2011.0,No,,
5935,3,SC,30,2023.0,No,,
5935,4,EC,60,2009.0,No,,
5935,5,EE,30,2011.0,No,,
5935,6,ME,30,2009.0,No,,
5935,7,AM,60,2023.0,No,,
5935,8,AD,30,2026.0,,,Subject to Anna University approval
4955,1,AD,180,2021.0,No,,
4955,2,CS,240,2000.0,Yes,2028,
4955,3,EC,240,2000.0,Yes,2028,
4955,4,EE,60,2002.0,Yes,2028,
4955,5,ME,60,2005.0,Yes,2028,
4955,6,IT,180,2000.0,Yes,2028,
4955,7,CE,30,2026.0,,,
1407,1,SC,30,2024.0,No,,
1407,2,AU,30,2023.0,No,,
1407,3,BM,30,2014.0,No,,
1407,4,CE,30,2009.0,No,,
1407,5,CS,60,1996.0,No,,
1407,6,EC,30,1996.0,No,,
1407,7,EE,30,1997.0,No,,
1407,8,ME,30,1996.0,No,,
1407,9,IT,30,2023.0,No,,
1407,10,AD,60,2023.0,No,,
1238,1,AD,120,2022.0,No,,
1238,2,CS,120,2008.0,No,,
1238,3,EE,30,2008.0,No,,
1238,4,EC,60,2008.0,No,,
1238,5,ME,30,2009.0,No,,
1238,6,BM,30,2014.0,No,,
1238,7,IT,60,2024.0,No,,
1238,8,AM,60,2026.0,,,
5545,1,AD,60,2025.0,,,
5545,2,AL,60,2025.0,,,
5545,3,CS,120,2025.0,,,
5545,4,EC,60,2025.0,,,
5545,5,IT,60,2025.0,,,
5545,6,EF,60,2026.0,,,Subject to Both AU and AICTE approval
1507,1,AD,60,2022.0,No,,
1507,2,CS,60,2000.0,No,,
1507,3,EC,30,2000.0,No,,
1507,4,EE,30,2000.0,No,,
1507,5,IT,90,2001.0,No,,
1507,6,ME,30,2006.0,No,,
1507,7,CB,30,2023.0,No,,
1507,8,SC,30,2024.0,No,,
5924,1,CE,30,2011.0,No,,
5924,2,CS,30,2008.0,No,,
5924,3,EC,30,2008.0,No,,
5924,4,EE,30,2008.0,No,,
5924,5,ME,30,2009.0,No,,
5924,6,IT,23,2009.0,No,,
5924,7,AD,30,2024.0,No,,
2341,1,AD,90,2022.0,No,,
2341,2,BM,60,2020.0,No,,
2341,3,CE,30,2011.0,No,,
2341,4,CS,90,2011.0,No,,
2341,5,EE,30,2011.0,No,,
2341,6,EC,90,2011.0,No,,
2341,7,IT,60,2022.0,No,,
2341,8,ME,30,2011.0,No,,
1523,1,AL,30,2024.0,No,,
1523,2,CS,120,2009.0,No,,
1523,3,EC,60,2009.0,No,,
1523,4,EE,30,2009.0,No,,
1523,5,ME,30,2009.0,No,,
1523,6,IT,120,2012.0,No,,
1523,7,AD,120,2023.0,No,,
2624,1,AD,180,2020.0,No,,
2624,2,AG,60,2020.0,No,,
2624,3,BM,120,2018.0,No,,
2624,4,BT,60,2020.0,No,,
2624,5,CS,180,2006.0,No,,
2624,6,EE,60,2006.0,No,,
2624,7,EC,180,2006.0,No,,
2624,8,ME,60,2009.0,No,,
2624,9,FD,60,2018.0,No,,
2624,10,IT,120,2021.0,No,,
2624,11,PH,60,2020.0,No,,
1123,1,AE,30,2007.0,No,,
1123,2,AD,30,2023.0,No,,
1123,3,CS,30,2005.0,No,,
1123,4,AM,30,2022.0,No,,
1123,5,SC,30,2022.0,No,,
1123,6,CO,30,2023.0,No,,
1123,7,CB,30,2023.0,No,,
1123,8,EC,30,2005.0,No,,
1123,9,IT,30,2007.0,No,,
1123,10,MU,30,2022.0,No,,
1123,11,MD,30,2022.0,No,,
1123,12,PH,30,2023.0,No,,
1123,13,BT,30,2024.0,No,,
1123,14,RM,30,2024.0,No,,
4686,1,IT,30,2024.0,No,,
4686,2,CE,30,2018.0,No,,
4686,3,CS,60,2018.0,No,,
4686,4,EC,60,2018.0,No,,
4686,5,ME,60,2018.0,No,,
4686,6,AD,60,2023.0,No,,
2603,1,EC,60,1994.0,No,,
2603,2,EE,60,1994.0,Yes,2027,
2603,3,CS,60,2004.0,No,,
2603,4,ME,60,2009.0,Yes,2027,
2603,5,CY,60,2025.0,No,,
2615,1,CE,120,1966.0,No,,
2615,2,CS,60,2001.0,No,,
2615,3,EC,60,1985.0,No,,
2615,4,EE,60,1966.0,No,,
2615,5,ME,120,1966.0,Yes,2027,
2615,6,MT,60,1973.0,No,,
2615,7,AM,60,2025.0,No,,
4974,1,ME,120,1981.0,No,,
4974,2,CE,60,1981.0,Yes,2027,
4974,3,CS,60,1988.0,Yes,2028,
4974,4,EE,60,1985.0,Yes,2028,
4974,5,EC,120,1981.0,Yes,2027,
4974,6,EI,60,2025.0,No,,
4974,7,IB,60,2025.0,No,,
2709,1,AU,60,1984.0,No,,
2709,2,CE,60,1984.0,No,,
2709,3,CS,60,1984.0,No,,
2709,4,EC,60,1986.0,No,,
2709,5,EE,60,1994.0,No,,
2709,6,IT,60,2002.0,No,,
2709,7,ME,60,1984.0,No,,
2709,8,CF,60,2026.0,,,
2369,1,CE,60,2013.0,No,,
2369,2,CS,60,2013.0,No,,
2369,3,EC,60,2013.0,No,,
2369,4,EE,60,2013.0,No,,
2369,5,ME,60,2013.0,No,,
2369,6,IT,60,2025.0,No,,
3464,1,CE,60,2013.0,No,,
3464,2,ME,60,2013.0,No,,
3464,3,EE,60,2013.0,No,,
3464,4,EC,60,2013.0,No,,
3464,5,CS,60,2013.0,No,,
3464,6,RM,60,2025.0,No,,
5009,1,CE,60,2012.0,No,,
5009,2,ME,60,2012.0,No,,
5009,3,EE,60,2012.0,No,,
5009,4,EC,60,2012.0,No,,
5009,5,CS,60,2012.0,No,,
5009,6,CF,60,2025.0,No,,
3465,1,CE,60,2013.0,No,,
3465,2,CS,60,2013.0,No,,
3465,3,EC,60,2013.0,No,,
3465,4,EE,60,2013.0,No,,
3465,5,ME,60,2013.0,No,,
3465,6,MZ,60,2025.0,No,,
2005,1,CE,120,1952.0,Yes,2028,
2005,2,ME,120,1952.0,Yes,2027,
2005,3,EE,60,1952.0,Yes,2028,
2005,4,EC,60,1970.0,Yes,2028,
2005,5,PR,60,1978.0,Yes,2027,
2005,6,EI,60,1984.0,Yes,2026,
2005,7,CS,60,1986.0,Yes,2027,
2005,8,IT,60,2001.0,No,,
2005,9,IB,120,2002.0,No,,
2005,10,AM,60,2025.0,No,,
4931,1,AD,60,2022.0,No,,
4931,2,CE,30,2010.0,No,,
4931,3,CS,60,2009.0,No,,
4931,4,EE,30,2009.0,No,,
4931,5,EC,30,2009.0,No,,
4931,6,ME,30,2009.0,No,,
2777,1,AD,60,2025.0,No,,
2777,2,CS,60,2025.0,No,,
2777,3,IT,60,2025.0,No,,
2777,4,EC,60,2025.0,No,,
2708,1,AE,60,2005.0,Yes,2026,
2708,2,AG,60,2018.0,Yes,2027,
2708,3,AL,120,2020.0,No,,
2708,4,AU,60,2014.0,Yes,2026,
2708,5,BM,60,2018.0,Yes,2027,
2708,6,CE,60,2009.0,Yes,2026,
2708,7,CH,60,2019.0,Yes,2028,
2708,8,CS,240,2000.0,Yes,2027,
2708,9,EC,120,2000.0,Yes,2027,
2708,10,EE,60,2002.0,Yes,2027,
2708,11,EI,60,2011.0,No,,
2708,12,FD,60,2018.0,Yes,2027,
2708,13,IT,120,2002.0,Yes,2027,
2708,14,ME,120,2000.0,Yes,2027,
2708,15,MZ,120,2011.0,Yes,2026,
2708,16,SC,60,2024.0,No,,
2708,17,CB,60,2025.0,No,,
2345,1,CE,30,2011.0,No,,
2345,2,AG,30,2021.0,No,,
2345,3,CS,180,2011.0,No,,
2345,4,EC,120,2011.0,No,,
2345,5,EE,60,2014.0,No,,
2345,6,ME,30,2012.0,No,,
2345,7,AD,120,2021.0,No,,
2345,8,IT,60,2022.0,No,,
2345,9,RM,30,2023.0,No,,
2740,1,AE,60,2007.0,Yes,2028,
2740,2,CS,180,2007.0,Yes,2028,
2740,3,EC,120,2007.0,Yes,2028,
2740,4,ME,60,2009.0,Yes,2028,
2740,5,AD,180,2021.0,No,,
2740,6,IT,120,2007.0,Yes,2026,
4934,1,BM,60,2021.0,No,,
4934,2,CS,60,2009.0,No,,
4934,3,EC,60,2009.0,No,,
4934,4,EE,30,2009.0,No,,
4934,5,ME,30,2009.0,No,,
4934,6,AD,30,2024.0,No,,
4934,7,IT,30,2024.0,No,,
1408,1,AD,180,2021.0,No,,
1408,2,AL,60,2021.0,No,,
1408,3,CS,180,2000.0,No,,
1408,4,EE,60,1998.0,Yes,2028,
1408,5,EC,180,1998.0,Yes,2028,
1408,6,IT,120,2000.0,No,,
1408,7,ME,60,1998.0,No,,
1408,8,SC,60,2023.0,No,,
1408,9,VL,60,2026.0,,,Subject to Anna University approval
1605,1,CS,90,2001.0,No,,
1605,2,EE,30,2012.0,No,,
1605,3,EC,60,2001.0,No,,
1605,4,IT,60,2001.0,No,,
1605,5,AD,60,2026.0,,,
3845,1,AD,60,2023.0,No,,
3845,2,AM,30,2023.0,No,,
3845,3,SC,30,2023.0,No,,
3845,4,CS,60,2009.0,No,,
3845,5,EC,60,2009.0,No,,
3845,6,EE,30,2011.0,No,,
3845,7,ME,60,2009.0,No,,
3845,8,BM,30,2025.0,No,,
3845,9,IT,60,2025.0,No,,
4932,1,AE,30,2013.0,No,,Subject to Both AU and AICTE approval
4932,2,CE,30,2010.0,No,,
4932,3,CS,60,2009.0,No,,Subject to Both AU and AICTE approval
4932,4,EE,30,2009.0,No,,Subject to Both AU and AICTE approval
4932,5,EC,30,2009.0,No,,Subject to Both AU and AICTE approval
4932,6,ME,60,2010.0,No,,Subject to Both AU and AICTE approval
4932,7,IT,30,2009.0,No,,Subject to Both AU and AICTE approval
4932,8,RM,30,2023.0,No,,Subject to Both AU and AICTE approval
4932,9,AD,30,2023.0,No,,Subject to Both AU and AICTE approval
4932,10,AG,30,2026.0,,,Subject to Both AU and AICTE approval
4932,11,BM,120,2026.0,,,Subject to Both AU and AICTE approval
4932,12,SC,60,2026.0,,,Subject to Both AU and AICTE approval
4932,13,FD,30,2026.0,,,Subject to Both AU and AICTE approval
4932,14,CI,60,2026.0,,,Subject to Both AU and AICTE approval
4932,15,MR,15,2026.0,,,Subject to Both AU and AICTE approval
2343,1,HT,60,2015.0,No,,
1229,1,CS,60,2007.0,No,,
1229,2,AD,60,2023.0,No,,
1229,3,EC,60,2007.0,No,,
1229,4,EE,60,2007.0,No,,
1229,5,ME,60,2008.0,No,,
1229,6,CE,30,2009.0,No,,
3831,1,AD,60,2021.0,No,,
3831,2,AG,60,2021.0,No,,
3831,3,CS,120,2008.0,No,,
3831,4,IT,120,2008.0,No,,
3831,5,EE,30,2008.0,No,,
3831,6,EC,60,2008.0,No,,
3831,7,ME,30,2008.0,No,,
3831,8,BM,60,2025.0,No,,
4976,1,AE,30,2005.0,No,,
4976,2,AG,30,2020.0,No,,
4976,3,CS,60,2002.0,No,,
4976,4,EC,30,2002.0,No,,
4976,5,ME,30,2005.0,No,,
4976,6,EE,30,2025.0,No,,
4976,7,AD,30,2025.0,No,,
2732,1,CS,120,2007.0,No,,
2732,2,EC,60,2007.0,No,,
2732,3,EE,30,2007.0,No,,
2732,4,IT,60,2007.0,No,,
2732,5,ME,60,2009.0,No,,
2732,6,AD,90,2023.0,No,,
3807,1,AD,180,2022.0,No,,
3807,2,AE,30,2007.0,No,,
3807,3,CS,240,1994.0,Yes,2028,
3807,4,CE,30,2004.0,No,,
3807,5,EE,60,1994.0,Yes,2028,
3807,6,EC,120,1996.0,Yes,2028,
3807,7,IT,120,1998.0,Yes,2028,
3807,8,ME,60,1994.0,No,,
3807,9,SC,60,2022.0,No,,
2758,1,CS,60,2008.0,No,,
2758,2,EC,60,2008.0,No,,
2758,3,EE,60,2008.0,No,,
2758,4,ME,30,2009.0,No,,
2758,5,IT,60,2008.0,No,,
2758,6,CE,30,2011.0,No,,
2758,7,AU,30,2013.0,No,,
2758,8,SC,60,2023.0,No,,
2758,9,AD,60,2023.0,No,,
2647,1,CS,60,2008.0,No,,
2647,2,EC,60,2008.0,No,,
2647,3,EE,60,2008.0,No,,
2647,4,IT,60,2008.0,No,,
2647,5,ME,60,2009.0,No,,
1126,1,CS,300,2008.0,Yes,2026,
1126,2,EC,240,2008.0,Yes,2028,
1126,3,SC,120,2022.0,No,,
1126,4,EV,60,2023.0,No,,
1126,5,RM,60,2020.0,No,,
1126,6,BM,30,2020.0,No,,
1126,7,AD,300,2020.0,No,,
1126,8,AM,60,2026.0,,,
4994,1,CE,30,2014.0,No,,
4994,2,ME,30,2009.0,No,,
4994,3,EC,120,2008.0,No,,
4994,4,EE,60,2008.0,No,,
4994,5,IT,60,2022.0,No,,
4994,6,CS,120,2008.0,No,,
4994,7,AD,120,2024.0,No,,
2651,1,CE,30,2010.0,No,,
2651,2,CS,90,2009.0,Yes,2027,
2651,3,EE,60,2009.0,No,,
2651,4,EC,60,2009.0,Yes,2027,
2651,5,ME,60,2009.0,No,,
2651,6,AD,60,2021.0,No,,
2651,7,FT,60,2020.0,No,,
2651,8,IT,60,2024.0,No,,
2350,1,CE,60,2014.0,No,,
2350,2,CS,60,2012.0,No,,
2350,3,EC,60,2012.0,No,,
2350,4,EE,60,2012.0,No,,
2350,5,ME,60,2012.0,No,,
5546,1,ME,60,2025.0,,,
5546,2,CS,60,2025.0,,,
5546,3,CF,60,2025.0,,,
5546,4,AM,60,2025.0,,,
5546,5,EC,60,2026.0,,,
2762,1,AD,120,2020.0,No,,
2762,2,CE,30,2009.0,No,,
2762,3,CB,60,2023.0,No,,
2762,4,CS,120,2009.0,Yes,2028,
2762,5,EC,120,2009.0,Yes,2028,
2762,6,ME,30,2009.0,Yes,2028,
1221,1,CS,30,2000.0,No,,
1221,2,EC,30,2000.0,No,,
1221,3,ME,60,2011.0,No,,
1221,4,MD,60,2022.0,No,,
1106,1,AE,30,2006.0,No,,
1106,2,CE,30,2001.0,No,,
1106,3,CS,120,1995.0,Yes,2027,
1106,4,EE,60,1998.0,No,,
1106,5,EC,90,1995.0,No,,
1106,6,EI,30,2002.0,No,,
1106,7,ME,30,2002.0,No,,
1106,8,IT,120,1998.0,No,,
1106,9,TX,40,1995.0,Yes,2027,
1106,10,CB,30,2023.0,No,,
1106,11,AM,30,2024.0,No,,
1106,12,CO,30,2024.0,No,,
1106,13,RM,30,2024.0,No,,
1107,1,CS,30,2022.0,No,,
1107,2,EC,30,2001.0,No,,
1107,3,EE,30,2002.0,No,,
1107,4,ME,30,2014.0,No,,
1107,5,FD,30,2020.0,No,,
1416,1,BT,30,2024.0,No,,
1416,2,CS,60,2001.0,No,,
1416,3,ME,60,2007.0,No,,
1416,4,BM,60,2020.0,No,,
1416,5,AD,60,2022.0,No,,
1416,6,SC,60,2023.0,No,,
1416,7,PH,30,2021.0,No,,
2640,1,CS,120,2008.0,No,,
2640,2,AD,90,2020.0,No,,
2640,3,CE,30,2009.0,No,,
2640,4,EC,90,2008.0,No,,
2640,5,EE,60,2008.0,No,,
2640,6,ME,60,2009.0,No,,
2640,7,IT,60,2023.0,No,,
2640,8,AG,0,2023.0,No,,
4956,1,CE,60,2002.0,No,,
4956,2,CS,30,1995.0,No,,
4956,3,EE,34,1995.0,No,,
4956,4,EC,45,1995.0,No,,
4956,5,IC,34,2001.0,No,,
4956,6,ME,51,1995.0,No,,
4956,7,AD,60,2026.0,,,
4957,1,CS,120,2001.0,Yes,2027,
4957,2,IT,60,2001.0,Yes,2028,
4957,3,EC,60,2001.0,Yes,2028,
4957,4,ME,60,2019.0,No,,
4957,5,AD,60,2023.0,No,,
4957,6,BM,60,2026.0,,,
2769,1,BC,60,2020.0,No,,
2769,2,CE,30,2009.0,No,,
2769,3,CB,90,2020.0,No,,
2769,4,EC,150,2009.0,Yes,2027,
2769,5,ME,60,2009.0,Yes,2025,
2769,6,FD,60,2014.0,No,,
2769,7,AD,180,2021.0,No,,
2769,8,CS,180,2009.0,Yes,2025,
2769,9,EE,30,2010.0,Yes,2025,
2769,10,PE,60,2013.0,Yes,2027,
2769,11,PC,60,2011.0,Yes,2025,
1235,1,CE,60,2009.0,No,,
1235,2,CS,60,2008.0,No,,
1235,3,EE,60,2008.0,No,,
1235,4,EC,30,2008.0,No,,
1235,5,IT,15,2008.0,No,,
1235,6,ME,30,2008.0,No,,
1140,1,EC,120,2011.0,Yes,2028,
1140,2,ME,30,2011.0,No,,
1140,3,CB,30,2022.0,No,,
1140,4,IT,240,2011.0,Yes,2026,
1140,5,CS,360,2011.0,Yes,2026,
1140,6,AD,240,2021.0,No,,
1306,1,AD,120,2021.0,No,,
1306,2,BT,30,2002.0,No,,
1306,3,CS,180,2001.0,No,,
1306,4,EC,120,2001.0,Yes,2029,
1306,5,IT,120,2001.0,No,,
1306,6,ME,60,2002.0,No,,
1306,7,AO,30,2024.0,No,,
1306,8,CG,120,2024.0,No,,
1306,9,EE,60,2024.0,No,,
1306,10,EV,60,2026.0,,,Subject to Both AU and AICTE approval
1307,1,AD,60,2021.0,No,,
1307,2,EC,120,1995.0,Yes,2027,
1307,3,CB,30,2021.0,No,,
1307,4,EE,30,1995.0,No,,
1307,5,BM,60,2005.0,No,,
1307,6,IT,90,1999.0,Yes,2027,
1307,7,CS,120,1995.0,No,,
1307,8,SC,60,2022.0,No,,
1307,9,AM,60,2022.0,No,,
1311,1,AD,90,2020.0,No,,
1311,2,AE,60,2007.0,Yes,2028,
1311,3,AO,60,2019.0,No,,
1311,4,AU,30,2018.0,Yes,2028,
1311,5,CE,30,2011.0,No,,
1311,6,CS,240,1998.0,Yes,2026,
1311,7,FT,30,2018.0,No,,
1311,8,IT,120,2001.0,Yes,2026,
1311,9,ME,60,1998.0,No,,
1311,10,MZ,60,2019.0,No,,
1311,11,SC,60,2023.0,No,,
1311,12,EE,60,1998.0,Yes,2028,
1311,13,EC,120,1998.0,Yes,2026,
1311,14,AM,60,2025.0,No,,
1311,15,BM,60,2026.0,,,
5904,1,AD,60,2021.0,No,,
5904,2,CS,120,1997.0,Yes,2028,
5904,3,EC,120,1994.0,Yes,2028,
5904,4,EE,60,1994.0,Yes,2028,
5904,5,IT,90,1999.0,Yes,2028,
5904,6,ME,60,1994.0,Yes,2028,
5904,7,SC,60,2022.0,No,,
5904,8,CI,60,2023.0,No,,
5904,9,EV,60,2026.0,,,Subject to Anna University approval
2764,1,AD,180,2020.0,No,,
2764,2,AM,120,2022.0,No,,
2764,3,BM,60,2017.0,Yes,2027,
2764,4,CH,60,2018.0,Yes,2027,
2764,5,CE,60,2009.0,Yes,2025,
2764,6,CS,420,2010.0,Yes,2026,
2764,7,CB,60,2022.0,No,,
2764,8,EC,360,2009.0,Yes,2026,
2764,9,EE,60,2009.0,Yes,2026,
2764,10,ME,60,2009.0,Yes,2026,
2764,11,IT,180,2022.0,No,,
2764,12,MZ,60,2022.0,No,,
2764,13,SC,60,2025.0,No,,
2764,14,EV,60,2026.0,,,
3830,1,ME,60,2008.0,Yes,2025,
3830,2,EC,180,2008.0,Yes,2025,
3830,3,CS,180,2008.0,Yes,2026,
3830,4,EE,60,2008.0,Yes,2025,
3830,5,CB,60,2020.0,No,,
3830,6,AD,120,2020.0,No,,
3830,7,AM,60,2023.0,No,,
3830,8,IT,120,2020.0,No,,
3701,1,AM,60,2023.0,No,,
3701,2,CE,60,2010.0,Yes,2025,
3701,3,ME,60,2010.0,Yes,2027,
3701,4,EC,120,2010.0,Yes,2025,
3701,5,EE,60,2010.0,No,,
3701,6,CS,180,2010.0,Yes,2025,
3701,7,AD,120,2020.0,No,,
3701,8,IT,60,2023.0,No,,
3456,1,AG,0,2022.0,No,,
3456,2,CS,90,2011.0,No,,
3456,3,ME,60,2011.0,No,,
3456,4,BM,60,2020.0,No,,
3456,5,EE,30,2017.0,No,,
3456,6,EC,30,2011.0,No,,
3456,7,AD,60,2023.0,No,,
3456,8,AM,30,2023.0,No,,
2613,1,CE,60,2002.0,No,,
2613,2,CS,180,2001.0,No,,
2613,3,EE,120,2002.0,Yes,2028,
2613,4,EC,180,2001.0,No,,
2613,5,IT,120,2001.0,No,,
2613,6,ME,120,2005.0,Yes,2028,
2613,7,SF,30,2020.0,No,,
2613,8,CI,60,2023.0,No,,
2613,9,SC,60,2024.0,No,,
2613,10,BM,60,2024.0,No,,
2613,11,AD,60,2025.0,No,,
2607,1,AD,60,2020.0,No,,
2607,2,CS,180,1994.0,Yes,2028,
2607,3,ME,60,1994.0,Yes,2027,
2607,4,EE,90,1994.0,Yes,2028,
2607,5,EC,180,1994.0,Yes,2028,
2607,6,TX,30,1997.0,Yes,2028,
2607,7,IT,120,1998.0,Yes,2028,
2607,8,BT,60,2002.0,Yes,2028,
2607,9,CB,0,2020.0,No,,
2607,10,CE,60,2002.0,Yes,2028,
2607,11,FD,60,2016.0,Yes,2028,
2607,12,AM,60,2022.0,No,,
2607,13,MZ,60,2001.0,Yes,2027,
2607,14,EV,60,2023.0,No,,
2607,15,RM,60,2026.0,,,
4959,1,BT,60,2002.0,Yes,2026,
4959,2,CE,30,2009.0,No,,
4959,3,CS,180,1998.0,Yes,2026,
4959,4,EC,180,1998.0,Yes,2026,
4959,5,IT,120,2000.0,Yes,2027,
4959,6,ME,30,2005.0,Yes,2026,
4959,7,EE,60,2002.0,Yes,2026,
4959,8,MZ,60,2014.0,Yes,2027,
4959,9,AD,120,2020.0,No,,
2656,1,AD,60,2021.0,No,,
2656,2,CE,60,2009.0,Yes,2027,
2656,3,CS,120,2009.0,Yes,2027,
2656,4,EC,120,2009.0,Yes,2027,
2656,5,EE,60,2010.0,Yes,2027,
2656,6,ME,60,2009.0,Yes,2027,
2656,7,AL,60,2024.0,No,,
2656,8,SC,60,2025.0,No,,
2656,9,IT,120,2025.0,No,,
5533,1,CE,60,2011.0,No,,
5533,2,CS,60,2011.0,No,,
5533,3,EC,30,2011.0,No,,
5533,4,EE,30,2011.0,No,,
5533,5,ME,60,2011.0,No,,
5533,6,AD,30,2025.0,No,,
5533,7,AG,30,2025.0,No,,
5533,8,FT,30,2025.0,No,,
2710,1,EV,60,2024.0,No,,
2710,2,AD,240,2020.0,No,,
2710,3,CE,60,2008.0,Yes,2027,
2710,4,CS,420,2000.0,Yes,2027,
2710,5,EC,420,2000.0,Yes,2028,
2710,6,EE,180,2002.0,Yes,2028,
2710,7,IT,240,2001.0,Yes,2028,
2710,8,ME,180,2000.0,Yes,2028,
2710,9,SC,60,2020.0,No,,
2745,1,AM,60,,,,
2745,2,CO,30,2023.0,No,,
2745,3,AD,120,2020.0,No,,
2745,4,CS,60,2008.0,No,,
2745,5,EC,120,2008.0,No,,
2745,6,EE,60,2008.0,No,,
2745,7,ME,30,2009.0,No,,
2751,1,AD,120,2020.0,No,,
2751,2,CB,60,2021.0,No,,
2751,3,CS,180,2008.0,Yes,2027,
2751,4,EC,120,2008.0,Yes,2027,
2751,5,IT,120,2008.0,Yes,2028,
2751,6,ME,60,2008.0,No,,
2751,7,AM,120,2024.0,No,,
2751,8,SC,60,2024.0,No,,
2751,9,RM,60,2025.0,No,,
3905,1,AD,60,2023.0,No,,
3905,2,CS,120,2001.0,No,,
3905,3,EE,60,2001.0,No,,
3905,4,EC,120,2001.0,No,,
3905,5,CE,30,2010.0,No,,
3905,6,ME,60,2006.0,No,,
3905,7,IT,30,2024.0,No,,
1207,1,AM,30,2022.0,No,,
1207,2,BM,60,2019.0,No,,
1207,3,CS,120,2001.0,No,,
1207,4,EC,120,2001.0,No,,
1207,5,IT,120,2006.0,No,,
1207,6,ME,60,2001.0,No,,
1207,7,RM,30,2019.0,No,,
1207,8,AD,120,2021.0,No,,
1207,9,SC,60,2026.0,,,
1520,1,AD,60,2021.0,No,,
1520,2,CS,120,2008.0,No,,
1520,3,CB,30,2021.0,No,,
1520,4,EC,60,2008.0,No,,
1520,5,IT,60,2008.0,No,,
1520,6,ME,30,2009.0,No,,
1520,7,AR,40,2025.0,No,,
1520,8,AL,60,2025.0,No,,
2750,1,AD,180,2021.0,No,,
2750,2,AE,60,2011.0,Yes,2028,
2750,3,BM,30,2017.0,No,,
2750,4,BT,60,2017.0,Yes,2028,
2750,5,AM,120,2023.0,No,,
2750,6,CB,60,2021.0,No,,
2750,7,CS,300,2008.0,Yes,2026,
2750,8,EC,180,2008.0,Yes,2026,
2750,9,EE,60,2008.0,Yes,2026,
2750,10,ME,30,2009.0,Yes,2028,
2750,11,EV,60,2024.0,No,,
2750,12,SC,60,2025.0,No,,
2653,1,ME,120,2009.0,Yes,2028,
2653,2,EE,120,2009.0,Yes,2028,
2653,3,CE,60,2010.0,No,,
2653,4,CB,60,2020.0,No,,
2653,5,EC,180,2009.0,Yes,2028,
2653,6,CS,240,2009.0,Yes,2028,
2653,7,IT,120,2020.0,No,,
2653,8,AD,120,2021.0,No,,
2653,9,EX,60,2025.0,No,,
2711,1,AD,180,2021.0,No,,
2711,2,AL,60,2021.0,No,,
2711,3,AU,60,2015.0,Yes,2028,
2711,4,CE,60,1984.0,Yes,2028,
2711,5,CD,120,2021.0,No,,
2711,6,CS,360,1988.0,Yes,2026,
2711,7,CH,60,1994.0,Yes,2028,
2711,8,EC,240,1984.0,Yes,2028,
2711,9,EE,120,1994.0,Yes,2026,
2711,10,EI,120,1998.0,Yes,2028,
2711,11,FD,60,2006.0,Yes,2029,
2711,12,ME,120,1984.0,Yes,2028,
2711,13,IT,180,1998.0,Yes,2026,
2711,14,MZ,120,1999.0,Yes,2029,
2711,15,AR,40,2015.0,No,,
3826,1,AG,60,2021.0,No,,
3826,2,AD,180,2021.0,No,,
3826,3,BM,60,2020.0,No,,
3826,4,CE,60,2010.0,No,,
3826,5,CS,180,2007.0,Yes,2025,
3826,6,EC,180,2007.0,Yes,2025,
3826,7,EE,60,2010.0,Yes,2025,
3826,8,IT,120,2007.0,No,,
3826,9,ME,120,2007.0,Yes,2025,
3410,1,CE,30,2011.0,No,,
3410,2,CS,60,2001.0,No,,
3410,3,EC,60,2001.0,No,,
3410,4,EE,60,2002.0,No,,
3410,5,ME,60,2005.0,No,,
3410,6,IT,60,2023.0,No,,
3410,7,AD,60,2024.0,No,,
2712,1,AD,120,2020.0,No,,
2712,2,AE,69,2006.0,Yes,2028,
2712,3,AU,30,2011.0,Yes,2029,
2712,4,CE,90,1984.0,Yes,2028,
2712,5,CS,420,1986.0,Yes,2028,
2712,6,EC,207,1986.0,Yes,2028,
2712,7,EI,69,2006.0,Yes,2028,
2712,8,FT,30,2002.0,Yes,2028,
2712,9,IT,129,1998.0,Yes,2028,
2712,10,ME,90,1984.0,Yes,2028,
2712,11,MZ,69,1999.0,Yes,2028,
2712,12,TX,30,1995.0,Yes,2031,
2712,13,BT,69,2002.0,Yes,2028,
2712,14,EE,138,1984.0,Yes,2028,
5990,1,CE,30,2010.0,No,,
5990,2,CS,90,2007.0,No,,
5990,3,EE,30,2007.0,No,,
5990,4,ME,60,2010.0,No,,
5990,5,EC,45,2007.0,No,,
5990,6,AD,30,2026.0,,,
4983,1,AE,30,2006.0,No,,
4983,2,AG,60,2022.0,No,,
4983,3,CS,60,2006.0,No,,
4983,4,CE,60,2011.0,No,,
4983,5,EC,30,2006.0,No,,
4983,6,EE,30,2014.0,No,,
4983,7,ME,60,2006.0,No,,
4983,8,RM,30,2012.0,No,,
1450,1,AD,60,2024.0,No,,
1450,2,CS,120,2010.0,Yes,2025,
1450,3,EC,60,2010.0,Yes,2025,
1450,4,EE,60,2010.0,Yes,2025,
1450,5,IT,60,2010.0,Yes,2025,
1450,6,ME,60,2010.0,Yes,2025,
1225,1,AD,120,2022.0,No,,
1225,2,SC,60,2023.0,No,,
1225,3,ME,60,2007.0,No,,
1225,4,CS,120,2007.0,No,,
1225,5,IT,120,2006.0,No,,
1225,6,EE,30,2003.0,No,,
1225,7,EC,90,2003.0,No,,
4993,1,BM,60,2020.0,No,,
4993,2,AM,60,2023.0,No,,
4993,3,EC,60,2008.0,No,,
4993,4,EE,60,2008.0,No,,
4993,5,IT,60,2017.0,No,,
4993,6,ME,60,2010.0,No,,
4993,7,AD,60,2022.0,No,,
4993,8,CS,120,2008.0,No,,
4929,1,CS,90,2009.0,No,,
4929,2,CE,60,2010.0,No,,
4929,3,EC,60,2009.0,No,,
4929,4,EE,60,2009.0,No,,
4929,5,ME,60,2009.0,No,,
4929,6,AD,30,2023.0,No,,
3811,1,CE,30,2006.0,Yes,2027,
3811,2,EC,60,2001.0,Yes,2026,
3811,3,AD,60,2022.0,No,,
3811,4,IT,120,2022.0,No,,
3811,5,CS,180,1998.0,No,,
3811,6,EE,60,1998.0,No,,
3811,7,ME,60,1998.0,No,,
3811,8,BM,30,2022.0,No,,
2608,1,AD,180,2020.0,No,,
2608,2,CB,60,2020.0,No,,
2608,3,CS,180,2000.0,Yes,2028,
2608,4,EC,300,2000.0,Yes,2026,
2608,5,EE,120,2001.0,Yes,2026,
2608,6,IT,120,2001.0,Yes,2028,
2608,7,ME,90,2000.0,Yes,2026,
2608,8,CE,30,2009.0,Yes,2028,
2608,9,AM,60,2023.0,No,,
2608,10,EV,60,2024.0,No,,
2608,11,SC,60,2025.0,No,,
3923,1,AD,30,2023.0,No,,
3923,2,CE,30,2010.0,No,,
3923,3,EC,30,2002.0,No,,
3923,4,ME,30,2002.0,No,,
3923,5,CS,60,2007.0,No,,
3923,6,EE,30,2002.0,No,,
2713,1,CE,30,2001.0,No,,
2713,2,CS,60,2001.0,No,,
2713,3,EC,60,2001.0,No,,
2713,4,EE,60,2001.0,No,,
2713,5,IT,60,2007.0,No,,
2713,6,ME,60,2001.0,No,,
3843,1,CE,30,2009.0,No,,
3843,2,CS,120,2009.0,No,,
3843,3,EC,90,2009.0,No,,
3843,4,EE,30,2010.0,No,,
3843,5,ME,60,2009.0,No,,
3843,6,IT,90,2023.0,No,,
3843,7,AD,60,2024.0,No,,
3843,8,AM,30,2024.0,No,,
3843,9,BM,30,2025.0,No,,
3829,1,AD,120,2022.0,No,,
3829,2,CE,30,2010.0,No,,
3829,3,CS,120,2008.0,No,,
3829,4,EE,60,2008.0,Yes,2027,
3829,5,EC,120,2008.0,Yes,2027,
3829,6,IT,60,2008.0,Yes,2027,
3829,7,ME,30,2009.0,No,,
3829,8,BM,60,2026.0,,,
3786,1,AD,90,2022.0,No,,
3786,2,AE,60,2010.0,No,,
3786,3,BM,90,2022.0,No,,
3786,4,CS,90,2010.0,No,,
3786,5,EC,60,2010.0,No,,
3786,6,EE,30,2010.0,No,,
3786,7,ME,30,2010.0,No,,
3786,8,MZ,30,2012.0,No,,
3786,9,IT,60,2024.0,No,,
1411,1,AE,30,2006.0,No,,
1411,2,BT,30,2002.0,Yes,2016,
1411,3,BM,30,2022.0,No,,
1411,4,CB,30,2022.0,No,,
1411,5,AD,30,2023.0,No,,
1411,6,CS,60,1998.0,Yes,2011,
1411,7,EC,30,1998.0,Yes,2011,
1411,8,EE,30,1998.0,Yes,2016,
1411,9,IT,30,1999.0,Yes,2016,
1411,10,ME,30,1998.0,Yes,2016,
1411,11,AM,30,2024.0,No,,
1203,1,AD,60,2025.0,No,,
1203,2,CB,60,2025.0,No,,
1203,3,CS,60,2025.0,No,,
1203,4,AM,60,2025.0,No,,
1203,5,SC,60,2025.0,No,,
1203,6,IT,60,2025.0,No,,
1430,1,CE,30,2010.0,No,,
1430,2,CS,150,2008.0,No,,
1430,3,EE,60,2008.0,No,,
1430,4,EC,60,2008.0,No,,
1430,5,ME,60,2009.0,No,,
1430,6,AD,60,2024.0,No,,
4998,1,CE,30,2009.0,No,,
4998,2,CS,30,2008.0,No,,
4998,3,EC,30,2008.0,No,,
4998,4,EE,30,2008.0,No,,
4998,5,ME,45,2008.0,No,,
1339,1,AM,60,2025.0,No,,
1339,2,SC,30,2025.0,No,,
1339,3,AD,60,2022.0,No,,
1339,4,CS,120,2011.0,No,,
1339,5,EC,60,2011.0,No,,
1339,6,EE,30,2011.0,No,,
3854,1,CS,30,2010.0,No,,
3854,2,EE,60,2009.0,No,,
3854,3,ME,60,2009.0,No,,
3854,4,AG,30,2023.0,No,,
3854,5,IT,30,2023.0,No,,
3854,6,AD,30,2023.0,No,,
3854,7,CE,30,2009.0,No,,
3854,8,SC,0,2023.0,No,,
2623,1,AD,180,2023.0,No,,
2623,2,BM,60,2014.0,No,,
2623,3,CS,180,2005.0,No,,
2623,4,EE,60,2005.0,No,,
2623,5,EC,60,2005.0,No,,
2623,6,IT,120,2005.0,No,,
2623,7,ME,60,2009.0,No,,
2609,1,AE,60,2009.0,No,,
2609,2,AG,60,2014.0,No,,
2609,3,AD,240,2021.0,No,,
2609,4,CS,180,1995.0,Yes,2028,
2609,5,CE,60,2002.0,No,,
2609,6,EC,180,1995.0,Yes,2028,
2609,7,EE,120,1999.0,Yes,2028,
2609,8,IT,120,1999.0,No,,
2609,9,ME,60,1995.0,No,,
2609,10,CY,120,2021.0,No,,
2609,11,MZ,60,2025.0,No,,
2638,1,CS,180,2008.0,No,,
2638,2,EC,60,2008.0,No,,
2638,3,IT,120,2008.0,No,,
2638,4,EE,60,2025.0,No,,
2638,5,AD,60,2026.0,,,
2632,1,AU,60,2011.0,No,,
2632,2,BM,60,2014.0,No,,
2632,3,CS,240,2007.0,No,,
2632,4,EC,120,2007.0,No,,
2632,5,EE,60,2007.0,No,,
2632,6,IT,120,2007.0,No,,
2632,7,ME,120,2009.0,No,,
2632,8,AM,120,2022.0,No,,
2632,9,CE,60,2014.0,No,,
2632,10,AD,60,2026.0,,,
1412,1,CB,60,2021.0,No,,
1412,2,ME,120,1998.0,No,,
1412,3,EE,60,1998.0,No,,
1412,4,EC,180,2001.0,No,,
1412,5,IT,120,2001.0,No,,
1412,6,CE,60,2009.0,No,,
1412,7,AD,180,2021.0,No,,
1412,8,CS,240,1998.0,Yes,2025,
3810,1,AD,120,2020.0,No,,
3810,2,AG,60,2020.0,No,,
3810,3,CS,150,1998.0,No,,
3810,4,CE,30,2009.0,No,,
3810,5,EC,120,1998.0,No,,
3810,6,EE,60,1998.0,No,,
3810,7,EI,30,1998.0,No,,
3810,8,IT,90,2001.0,No,,
3810,9,ME,60,2005.0,No,,
3810,10,FD,60,2022.0,No,,
3810,11,BM,120,2022.0,No,,
3810,12,BT,60,2024.0,No,,
3810,13,AM,60,2024.0,No,,
3810,14,CY,60,2024.0,No,,
5536,1,AG,60,2020.0,No,,
5536,2,CS,60,2013.0,No,,
5536,3,EC,60,2013.0,No,,
5536,4,EV,30,2025.0,No,,
5536,5,AM,60,2023.0,No,,
5536,6,IT,30,2025.0,No,,
5536,7,EE,30,2013.0,No,,
5536,8,ME,30,2013.0,No,,
4928,1,CE,60,2009.0,No,,
4928,2,CS,120,2009.0,Yes,2028,
4928,3,EC,60,2009.0,No,,
4928,4,EE,60,2012.0,No,,
4928,5,AD,60,2022.0,No,,
4928,6,ME,60,2009.0,Yes,2028,
4927,1,CE,30,2010.0,No,,
4927,2,CS,60,2008.0,No,,
4927,3,EE,30,2008.0,No,,
4927,4,EC,30,2008.0,No,,
4927,5,ME,60,2009.0,No,,
4927,6,AU,30,2012.0,No,,
4927,7,AL,30,2025.0,No,,
4927,8,IT,30,2025.0,No,,
4927,9,AD,60,2025.0,No,,
4927,10,BM,60,2026.0,,,Subject to Anna University approval
4927,11,BT,30,2026.0,,,Subject to Anna University approval
4927,12,CB,30,2026.0,,,Subject to Anna University approval
4984,1,CE,30,2010.0,No,,
4984,2,CS,90,2006.0,No,,
4984,3,EE,30,2006.0,No,,
4984,4,EC,60,2006.0,No,,
4984,5,ME,60,2010.0,No,,
4984,6,IT,60,2006.0,No,,
4984,7,AD,60,2023.0,No,,
1509,1,CS,120,2001.0,No,,
1509,2,IT,120,2001.0,No,,
1509,3,EC,120,2001.0,No,,
1509,4,CE,30,2012.0,No,,
1509,5,EE,30,2001.0,No,,
1509,6,EI,30,2007.0,No,,
1509,7,ME,30,2011.0,No,,
1509,8,AD,60,2023.0,No,,
1509,9,AR,80,2009.0,No,,
1509,10,AM,60,2023.0,No,,
1509,11,CB,60,2025.0,No,,
1509,12,SC,60,2026.0,,,
3857,1,CE,30,2010.0,No,,
3857,2,ME,30,2009.0,No,,
3857,3,CS,60,2009.0,No,,
3857,4,EE,30,2009.0,No,,
3857,5,EC,30,2009.0,No,,
3857,6,AM,30,2023.0,No,,
3857,7,BM,30,2023.0,No,,
3857,8,AG,30,2023.0,No,,
3857,9,AD,30,2026.0,,,
1309,1,CE,60,2002.0,Yes,2026,
1309,2,CS,180,2001.0,Yes,2026,
1309,3,EC,120,2001.0,Yes,2026,
1309,4,EE,60,2003.0,Yes,2027,
1309,5,IT,180,2001.0,Yes,2027,
1309,6,ME,60,2010.0,Yes,2026,
1309,7,AD,120,2021.0,No,,
1309,8,AL,60,2026.0,,,
1309,9,SC,60,2026.0,,,
4960,1,CE,120,1984.0,Yes,2028,
4960,2,EE,120,1984.0,Yes,2028,
4960,3,EC,180,1984.0,Yes,2028,
4960,4,CS,180,1987.0,Yes,2028,
4960,5,ME,120,1993.0,Yes,2028,
4960,6,IT,120,2001.0,Yes,2028,
4960,7,BT,60,2002.0,Yes,2028,
4960,8,AD,120,2020.0,No,,
4960,9,BM,60,2020.0,No,,
4960,10,AR,40,2022.0,No,,
1310,1,AD,60,2020.0,No,,
1310,2,CE,30,2005.0,No,,
1310,3,CB,30,2021.0,No,,
1310,4,CS,120,1994.0,No,,
1310,5,EC,60,1994.0,No,,
1310,6,EE,30,1999.0,No,,
1310,7,ME,30,1994.0,No,,
1310,8,IT,60,1999.0,No,,
5907,1,AD,60,2022.0,No,,
5907,2,AG,30,2021.0,No,,
5907,3,CS,90,1993.0,Yes,2027,
5907,4,CH,45,1996.0,No,,
5907,5,EC,60,1984.0,No,,
5907,6,EE,60,1995.0,No,,
5907,7,IT,90,1999.0,Yes,2027,
5907,8,ME,60,1984.0,No,,
5907,9,MR,30,1997.0,No,,
5907,10,CB,60,2022.0,No,,
5907,11,AR,40,1993.0,No,,
5907,12,AM,30,2024.0,No,,
5907,13,SC,30,2024.0,No,,
5907,14,AE,30,1998.0,No,,
5907,15,CE,30,1984.0,No,,
1301,1,EL,30,2024.0,No,,
1301,2,AM,60,2024.0,No,,
1301,3,EA,30,2024.0,No,,
1301,4,CB,30,2022.0,No,,
1301,5,CE,30,2007.0,No,,
1301,6,EC,60,2001.0,No,,
1301,7,EE,30,2005.0,No,,
1301,8,IT,60,2001.0,No,,
1301,9,ME,30,2005.0,Yes,2026,
1301,10,SC,30,2023.0,No,,
1301,11,CS,60,2001.0,No,,
1301,12,AD,60,2022.0,No,,
1301,13,DA,30,2026.0,,,
3812,1,AM,30,2024.0,No,,
3812,2,AD,60,2022.0,No,,
3812,3,CE,30,2009.0,No,,
3812,4,CS,120,1985.0,No,,
3812,5,EC,30,1985.0,No,,
3812,6,EI,30,1998.0,No,,
3812,7,IT,90,2000.0,No,,
3812,8,ME,60,1985.0,No,,
3812,9,EE,30,1997.0,No,,
3846,1,AD,60,2022.0,No,,
3846,2,CB,60,2022.0,No,,
3846,3,CE,60,2009.0,No,,
3846,4,CS,60,2012.0,No,,
3846,5,EC,30,2009.0,No,,
3846,6,EE,60,2009.0,No,,
3846,7,ME,60,2009.0,No,,
3846,8,RM,30,2025.0,No,,
3908,1,CS,120,2001.0,Yes,2028,
3908,2,EC,60,2001.0,Yes,2028,
3908,3,EE,60,2005.0,Yes,2028,
3908,4,CE,30,2009.0,No,,
3908,5,ME,30,2008.0,No,,
3908,6,AD,60,2023.0,No,,
3908,7,IT,60,2023.0,No,,
2610,1,BM,60,2018.0,Yes,2028,
2610,2,BT,60,2018.0,No,,
2610,3,CE,30,2013.0,Yes,2028,
2610,4,CS,300,2000.0,Yes,2027,
2610,5,EC,240,2000.0,Yes,2027,
2610,6,EE,120,2000.0,Yes,2027,
2610,7,IT,120,2001.0,Yes,2028,
2610,8,ME,120,2004.0,Yes,2027,
2610,9,AD,240,2020.0,No,,
2610,10,SC,60,2020.0,No,,
2610,11,MZ,30,2020.0,No,,
2610,12,AM,60,2023.0,No,,
2610,13,CB,60,2023.0,No,,
2610,14,EV,30,2023.0,No,,
5832,1,AD,120,2022.0,No,,
5832,2,CE,30,2010.0,No,,
5832,3,CS,120,2008.0,Yes,2027,
5832,4,EE,60,2008.0,Yes,2027,
5832,5,ME,60,2009.0,Yes,2027,
5832,6,AM,60,2024.0,No,,
5832,7,IT,60,2022.0,No,,
5832,8,SC,60,2025.0,No,,
5832,9,EC,120,2008.0,Yes,2027,
2327,1,CS,90,2011.0,No,,
2327,2,EC,90,2011.0,No,,
2327,3,EE,30,2011.0,No,,
2327,4,ME,30,2011.0,No,,
2327,5,AD,120,2023.0,No,,
2327,6,IT,60,2023.0,No,,
2327,7,CE,30,2011.0,No,,
5865,1,CE,60,2010.0,No,,
5865,2,CS,120,2010.0,No,,
5865,3,EC,60,2010.0,No,,
5865,4,EE,60,2014.0,No,,
5865,5,ME,60,2010.0,No,,
5865,6,IT,60,2022.0,No,,
5865,7,AD,60,2022.0,No,,
2752,1,CS,120,2008.0,Yes,2027,
2752,2,EC,60,2008.0,Yes,2027,
2752,3,EE,60,2008.0,Yes,2027,
2752,4,IT,120,2008.0,Yes,2026,
2752,5,AD,60,2025.0,No,,
2715,1,AG,60,2017.0,No,,
2715,2,BM,60,2018.0,Yes,2027,
2715,3,CS,240,2001.0,Yes,2027,
2715,4,CE,30,2009.0,Yes,2027,
2715,5,CH,30,2017.0,Yes,2027,
2715,6,EC,180,2001.0,Yes,2027,
2715,7,EE,60,2002.0,Yes,2028,
2715,8,IT,120,2001.0,Yes,2027,
2715,9,ME,60,2005.0,Yes,2028,
2715,10,CI,60,2022.0,No,,
2715,11,AD,120,2021.0,No,,
2715,12,SC,60,2022.0,No,,
4977,1,AD,60,2023.0,No,,
4977,2,CS,120,2002.0,No,,
4977,3,EC,60,2002.0,No,,
4977,4,EE,27,2004.0,No,,
4977,5,ME,60,2009.0,No,,
4977,6,BM,60,2026.0,,,Subject to Anna University approval
4977,7,SC,30,2026.0,,,Subject to Anna University approval
4962,1,AD,60,2022.0,No,,
4962,2,CE,60,2012.0,Yes,2028,
4962,3,CS,120,1984.0,Yes,2028,
4962,4,EC,120,1984.0,Yes,2026,
4962,5,EE,60,1994.0,Yes,2028,
4962,6,IT,60,2001.0,Yes,2028,
4962,7,ME,60,1984.0,Yes,2028,
2729,1,AD,120,2020.0,No,,
2729,2,CB,60,2020.0,No,,
2729,3,AE,120,2006.0,No,,
2729,4,CS,120,2006.0,No,,
2729,5,EC,120,2006.0,Yes,2027,
2729,6,EE,60,2006.0,Yes,2027,
2729,7,ME,60,2006.0,Yes,2027,
2729,8,IT,60,2022.0,No,,
2729,9,MZ,60,2011.0,Yes,2027,
2755,1,AE,60,2008.0,Yes,2026,
2755,2,AG,30,2019.0,Yes,2029,
2755,3,CE,30,2008.0,No,,
2755,4,CS,120,2008.0,Yes,2026,
2755,5,FD,60,2019.0,No,,
2755,6,IT,60,2022.0,No,,
2755,7,AM,60,2024.0,No,,
2755,8,SC,60,2024.0,No,,
2755,9,CO,60,2025.0,No,,
2755,10,AD,60,2026.0,,,
4961,1,CE,30,2012.0,No,,
4961,2,CS,90,2000.0,No,,
4961,3,EC,60,2000.0,No,,
4961,4,EE,60,2002.0,No,,
4961,5,ME,30,2011.0,No,,
4961,6,AD,30,2024.0,No,,
4961,7,SC,30,2024.0,No,,
1133,1,AD,60,2023.0,No,,
1133,2,CE,30,2012.0,No,,
1133,3,EC,60,2012.0,No,,
1133,4,ME,60,2012.0,No,,
1133,5,CS,60,2012.0,No,,
1133,6,SC,60,2026.0,,,
1133,7,CB,30,2026.0,,,
3466,1,AD,60,2023.0,No,,
3466,2,CS,60,2013.0,No,,
3466,3,EC,60,2013.0,No,,
3466,4,EE,60,2013.0,No,,
3466,5,ME,60,2013.0,No,,
3466,6,BM,60,2025.0,No,,
1431,1,AD,180,2023.0,No,,
1431,2,CS,300,2008.0,Yes,2027,
1431,3,SC,120,2023.0,No,,
1431,4,EE,60,2008.0,Yes,2027,
1431,5,EC,180,2008.0,Yes,2027,
1431,6,IT,120,2008.0,Yes,2027,
1431,7,ME,30,2010.0,No,,
4986,1,AD,60,2023.0,No,,
4986,2,CS,60,2023.0,No,,
4986,3,IT,60,2023.0,No,,
4986,4,EC,60,2023.0,No,,
4986,5,ME,60,2023.0,No,,
4986,6,EE,30,2023.0,No,,
3782,1,CS,120,2010.0,No,,
3782,2,EC,60,2010.0,No,,
3782,3,EE,30,2010.0,No,,
3782,4,AD,60,2023.0,No,,
3782,5,IT,60,2023.0,No,,
3782,6,CB,60,2023.0,No,,
3782,7,AM,60,2024.0,No,,
3813,1,CE,30,2005.0,No,,
3813,2,CS,90,1998.0,No,,
3813,3,EC,60,1998.0,No,,
3813,4,EE,30,2006.0,No,,
3813,5,IT,90,2001.0,No,,
3813,6,ME,30,1998.0,No,,
3813,7,AD,60,2026.0,,,
2741,1,AD,120,2022.0,No,,
2741,2,CS,120,2008.0,Yes,2026,
2741,3,EC,120,2008.0,Yes,2026,
2741,4,EE,60,2008.0,Yes,2026,
2741,5,IT,60,2022.0,No,,
2741,6,ME,60,2009.0,Yes,2026,
2741,7,CE,30,2024.0,No,,
1222,1,AE,30,2007.0,No,,
1222,2,AD,60,2023.0,No,,Subject to Anna University approval
1222,3,CS,120,2002.0,No,,
1222,4,CE,15,2012.0,No,,
1222,5,SC,30,2023.0,No,,
1222,6,IT,60,2007.0,No,,
1222,7,EC,60,2002.0,No,,
1222,8,EE,30,2002.0,No,,
1222,9,ME,30,2011.0,No,,
2612,1,BM,60,2024.0,No,,
2612,2,AD,60,2023.0,No,,
2612,3,IT,60,2023.0,No,,
2612,4,CE,30,2008.0,No,,
2612,5,CS,120,1999.0,No,,
2612,6,EC,60,1999.0,No,,
2612,7,EE,60,2002.0,No,,
2612,8,ME,60,1999.0,No,,
5910,1,AD,120,2020.0,No,,
5910,2,BM,60,2006.0,Yes,2028,
5910,3,CE,60,1984.0,Yes,2028,
5910,4,CB,60,2020.0,No,,
5910,5,SC,60,2023.0,No,,
5910,6,EC,300,1984.0,Yes,2028,
5910,7,EE,120,1995.0,Yes,2027,
5910,8,IT,240,1998.0,Yes,2028,
5910,9,ME,120,1984.0,Yes,2028,
5910,10,AM,60,2024.0,No,,
5910,11,EV,60,2024.0,No,,
5910,12,CS,360,1995.0,Yes,2028,
4965,1,AD,120,2022.0,No,,
4965,2,BM,60,2019.0,No,,
4965,3,BT,30,2002.0,Yes,2027,
4965,4,CE,30,2009.0,No,,
4965,5,EC,180,1999.0,Yes,2028,
4965,6,EE,90,2001.0,Yes,2028,
4965,7,ME,60,2005.0,Yes,2027,
4965,8,IT,60,2023.0,No,,
4965,9,CS,240,1999.0,Yes,2028,
2642,1,CE,30,2010.0,No,,
2642,2,EE,60,2008.0,No,,
2642,3,EC,60,2008.0,No,,
2642,4,ME,60,2009.0,No,,
2642,5,BM,30,2022.0,No,,
2642,6,IT,120,2008.0,No,,
2642,7,CS,120,2008.0,Yes,2027,
2642,8,AD,120,2022.0,No,,
2642,9,SC,120,2026.0,,,
1226,1,CS,120,2007.0,No,,
1226,2,EC,60,2001.0,No,,
1226,3,EE,60,2006.0,No,,
1226,4,ME,60,2001.0,No,,
1226,5,AD,60,2023.0,No,,
1226,6,IT,60,2022.0,No,,
5911,1,AD,30,2024.0,No,,
5911,2,CE,30,2014.0,No,,
5911,3,CS,30,2001.0,No,,
5911,4,EC,30,2001.0,No,,
5911,5,EE,15,2005.0,No,,
5911,6,ME,30,2005.0,No,,
5911,7,BM,30,2024.0,No,,
5911,8,SC,30,2024.0,No,,
5911,9,CB,30,2024.0,No,,
2628,1,EC,120,2024.0,No,,
2628,2,AD,90,2020.0,No,,
2628,3,AM,60,2022.0,No,,
2628,4,BM,60,2020.0,No,,
2628,5,EE,60,2006.0,No,,
2628,6,CS,120,2006.0,No,,
2628,7,SC,60,2022.0,No,,
2628,8,ME,30,2009.0,No,,
2611,1,AD,180,2023.0,No,,
2611,2,AG,60,2015.0,No,,
2611,3,AE,60,2015.0,No,,
2611,4,AM,90,2022.0,No,,
2611,5,BT,60,2020.0,No,,
2611,6,CE,60,2005.0,No,,
2611,7,BM,60,2018.0,No,,
2611,8,CH,30,2015.0,No,,
2611,9,CI,60,2022.0,No,,
2611,10,CS,300,2001.0,Yes,2028,
2611,11,CY,120,2020.0,No,,
2611,12,EC,180,2001.0,No,,
2611,13,EE,120,2002.0,Yes,2028,
2611,14,FD,60,2018.0,No,,
2611,15,IT,240,2001.0,No,,
2611,16,ME,120,2004.0,No,,
2611,17,RM,60,2020.0,No,,
2611,18,PH,60,2018.0,No,,
2611,19,MZ,60,2011.0,No,,
5912,1,CE,30,2007.0,No,,
5912,2,CS,90,2000.0,No,,
5912,3,EE,30,2000.0,No,,
5912,4,EC,60,2000.0,No,,
5912,5,ME,30,2006.0,No,,
5912,6,AD,60,2022.0,No,,
5912,7,IT,30,2022.0,No,,
5912,8,AM,30,2023.0,No,,
5912,9,SC,30,2023.0,No,,
1210,1,CS,960,2000.0,Yes,2028,
1210,2,IT,540,2000.0,Yes,2028,
1210,3,EC,480,2000.0,Yes,2028,
1210,4,EE,180,2001.0,Yes,2028,
1210,5,ME,90,2002.0,Yes,2028,
1210,6,AD,720,2020.0,Yes,2028,
1210,7,AL,240,2022.0,No,,
3833,1,AE,30,2010.0,No,,
3833,2,CE,30,2009.0,No,,
3833,3,CS,120,2008.0,No,,
3833,4,EC,60,2008.0,No,,
3833,5,EE,30,2008.0,No,,
3833,6,ME,30,2010.0,No,,
3833,7,IT,60,2023.0,No,,
3833,8,AD,30,2026.0,,,
2716,1,AE,60,1997.0,No,,
2716,2,AG,60,2020.0,No,,
2716,3,BM,60,2018.0,No,,
2716,4,EC,60,2003.0,No,,
2716,5,EE,60,1997.0,No,,
2716,6,GI,30,2018.0,No,,
2716,7,IT,90,1999.0,No,,
2716,8,MD,30,2020.0,No,,
2716,9,ME,60,1997.0,No,,
2716,10,MZ,30,2012.0,No,,
2716,11,RM,30,2018.0,No,,
2716,12,AD,60,2023.0,No,,
2716,13,SC,30,2023.0,No,,
2716,14,CS,90,1999.0,No,,
2716,15,FT,30,2026.0,,,
2768,1,AO,30,2021.0,No,,
2768,2,CE,30,2009.0,No,,
2768,3,CS,60,2012.0,No,,
2768,4,EC,30,2011.0,No,,
2768,5,EN,30,2009.0,No,,
2768,6,AD,60,2023.0,No,,
2768,7,AM,30,2024.0,No,,
2768,8,ME,30,2009.0,No,,
1452,1,AD,120,2022.0,No,,
1452,2,CB,60,2023.0,No,,
1452,3,CE,30,2010.0,No,,
1452,4,CS,180,2010.0,No,,
1452,5,EC,60,2011.0,No,,
1452,6,EE,30,2010.0,No,,
1452,7,IT,120,2023.0,No,,
1452,8,ME,30,2010.0,No,,
1452,9,AM,60,2024.0,No,,
1452,10,SC,60,2024.0,No,,
1452,11,$,60,2025.0,No,,
1452,12,CF,60,2025.0,No,,
1452,13,RI,60,2025.0,No,,
1452,14,CD,60,2025.0,No,,
4966,1,AD,60,2022.0,No,,
4966,2,CS,90,1998.0,Yes,2027,
4966,3,CE,30,2012.0,No,,
4966,4,EE,30,1999.0,No,,
4966,5,EC,60,1998.0,Yes,2027,
4966,6,ME,60,1998.0,No,,
1525,1,ME,60,2009.0,No,,
1525,2,CS,60,2009.0,No,,
1525,3,EC,30,2009.0,No,,
1525,4,EE,60,2009.0,No,,
1525,5,IT,60,2023.0,No,,
1525,6,AD,60,2025.0,No,,
2354,1,CE,30,2012.0,No,,
2354,2,CS,60,2012.0,No,,
2354,3,EC,60,2012.0,No,,
2354,4,EE,30,2012.0,No,,
2354,5,ME,60,2012.0,No,,
2354,6,AD,60,2023.0,No,,
2354,7,IT,60,2025.0,No,,
4981,1,CS,180,2004.0,No,,
4981,2,CE,30,2012.0,No,,
4981,3,ME,60,2004.0,No,,
4981,4,EE,30,2004.0,No,,
4981,5,EC,60,2004.0,No,,
4981,6,IT,60,2006.0,No,,
4981,7,AM,60,2024.0,No,,
4981,8,AD,180,2022.0,No,,
2753,1,AG,30,2019.0,No,,
2753,2,BM,60,2019.0,No,,
2753,3,AM,60,2023.0,No,,
2753,4,CS,120,2008.0,No,,
2753,5,EC,60,2008.0,No,,
2753,6,ME,30,2009.0,No,,
2753,7,AD,120,2022.0,No,,
2753,8,IT,90,2022.0,No,,
1110,1,AD,150,2020.0,No,,
1110,2,BT,60,2001.0,Yes,2026,
1110,3,CS,180,2001.0,Yes,2026,
1110,4,EC,120,2001.0,Yes,2026,
1110,5,EE,60,2001.0,No,,
1110,6,IT,60,2019.0,No,,
1110,7,AM,90,2023.0,No,,
1110,8,SC,60,2023.0,No,,
1110,9,ME,30,2024.0,No,,
1110,10,CB,60,2024.0,No,,
1442,1,AD,60,2020.0,No,,
1442,2,SC,60,2022.0,No,,
1442,3,CS,120,2009.0,No,,
1414,1,CE,30,2009.0,No,,
1414,2,EC,180,2001.0,Yes,2028,
1414,3,EE,60,2002.0,No,,
1414,4,ME,60,2006.0,No,,
1414,5,IT,90,2001.0,Yes,2028,
1414,6,CS,90,2001.0,Yes,2028,
1510,1,CE,60,2009.0,No,,
1510,2,CS,90,1995.0,No,,
1510,3,EC,60,1995.0,No,,
1510,4,EE,60,1997.0,No,,
1510,5,ME,60,1999.0,No,,
1510,6,IT,60,2023.0,No,,
1510,7,AD,60,2024.0,No,,
2006,1,AS,60,1999.0,Yes,2028,
2006,2,BS,60,2000.0,Yes,2028,
2006,3,BY,60,2006.0,Yes,2028,
2006,4,CE,30,1953.0,No,,
2006,5,CG,60,2022.0,No,,
2006,6,CM,138,1987.0,No,,
2006,7,CN,30,2008.0,No,,
2006,8,EC,60,1968.0,Yes,2030,
2006,9,EE,60,1951.0,Yes,2028,
2006,10,EM,78,2000.0,Yes,2030,
2006,11,FY,60,2006.0,Yes,2028,
2006,12,IM,138,1999.0,No,,
2006,13,IY,60,2007.0,Yes,2026,
2006,14,ME,60,1951.0,Yes,2028,
2006,15,MF,60,2007.0,Yes,2028,
2006,16,MS,60,1983.0,No,,
2006,17,MT,30,1968.0,Yes,2030,
2006,18,MY,30,2008.0,Yes,2030,
2006,19,PN,30,2008.0,No,,
2006,20,PR,30,1975.0,No,,
2006,21,RA,60,2011.0,Yes,2026,
2006,22,TX,30,1965.0,Yes,2030,
2006,23,TT,30,2008.0,Yes,2030,
2006,24,EY,60,2025.0,Yes,2028,
2377,1,CE,60,2014.0,Yes,2027,
2377,2,CS,240,2014.0,Yes,2027,
2377,3,EE,120,2014.0,Yes,2027,
2377,4,ME,120,2014.0,Yes,2027,
2377,5,AD,120,2022.0,No,,
2377,6,IC,60,2024.0,No,,
2377,7,EV,60,2025.0,No,,
2377,8,EC,180,2014.0,Yes,2027,
2377,9,RI,60,2026.0,,,Subject to Anna University approval
2377,10,DA,30,2026.0,,,Subject to Anna University approval
4964,1,AD,60,2024.0,No,,
4964,2,AE,60,2005.0,No,,
4964,3,CE,60,2009.0,No,,
4964,4,CS,90,2001.0,Yes,2026,
4964,5,EE,60,2004.0,Yes,2026,
4964,6,EC,90,2001.0,No,,
4964,7,ME,60,2009.0,Yes,2026,
4964,8,MR,60,2002.0,No,,
4964,9,MU,60,2011.0,No,,
4964,10,BM,60,2024.0,No,,
4964,11,AM,30,2024.0,No,,
4989,1,AD,60,2024.0,No,,
4989,2,AG,60,2021.0,No,,
4989,3,CE,60,2007.0,No,,
4989,4,CS,60,2007.0,No,,
4989,5,EC,60,2007.0,No,,
4989,6,IT,60,2007.0,No,,
4989,7,ME,60,2008.0,No,,
4989,8,AU,30,2014.0,No,,
4989,9,BM,30,2024.0,No,,
4949,1,EC,60,2009.0,No,,
4949,2,EE,60,2009.0,No,,
4949,3,ME,60,2009.0,No,,
4949,4,CE,30,2009.0,No,,
4949,5,IN,30,2010.0,No,,
4949,6,CS,60,2012.0,No,,
4949,7,MZ,60,2012.0,No,,
4949,8,AD,60,2024.0,No,,
4949,9,IT,30,2024.0,No,,
1112,1,CS,300,2001.0,Yes,2026,
1112,2,EC,240,2001.0,Yes,2026,
1112,3,IT,120,2001.0,Yes,2026,
1112,4,CU,60,2020.0,No,,
1112,5,AM,180,2021.0,No,,
1112,6,EE,60,2026.0,,,
1128,1,B*,240,2020.0,No,,
1128,2,CS,300,2008.0,Yes,2028,
1128,3,EC,180,2008.0,Yes,2028,
1128,4,SC,60,2022.0,No,,
1128,5,VL,60,2024.0,No,,
1113,1,CE,60,2005.0,Yes,2026,
1113,2,CS,300,1997.0,Yes,2028,
1113,3,EE,60,1995.0,Yes,2026,
1113,4,EC,300,1995.0,Yes,2028,
1113,5,ME,60,1995.0,Yes,2026,
1113,6,IT,120,1999.0,Yes,2028,
1113,7,CV,60,2021.0,No,,
1113,8,CA,180,2020.0,No,,
1113,9,CU,60,2020.0,No,,
1113,10,VL,60,2023.0,No,,
1113,11,EG,60,2023.0,No,,
2639,1,SC,60,2024.0,No,,
2639,2,AD,180,2022.0,No,,
2639,3,CS,240,2008.0,No,,
2639,4,IT,60,2008.0,No,,
2639,5,ME,30,2009.0,No,,
2639,6,EC,120,2008.0,No,,
2639,7,EE,30,2008.0,No,,
2639,8,AM,60,2026.0,,,
5913,1,CE,30,1985.0,No,,
5913,2,CS,60,1985.0,No,,
5913,3,EE,30,1996.0,No,,
5913,4,EC,90,1994.0,No,,
5913,5,ME,30,1985.0,No,,
5913,6,TX,30,1997.0,No,,
5913,7,AD,120,2023.0,No,,
5913,8,CH,30,2024.0,No,,
5913,9,IT,120,2023.0,No,,
2731,1,EC,60,2007.0,No,,
2731,2,AD,120,2022.0,No,,
2731,3,EE,60,2007.0,No,,
2731,4,ME,60,2009.0,No,,
2731,5,IT,60,2023.0,No,,
2731,6,PC,30,2013.0,No,,
2731,7,BM,60,2024.0,No,,
2731,8,CS,120,2007.0,No,,
2776,1,AG,30,2014.0,Yes,2028,Subject to Anna University approval
2776,2,AU,30,2013.0,No,,
2776,3,CE,30,2009.0,No,,
2776,4,CS,60,2009.0,No,,
2776,5,ME,30,2009.0,No,,
2776,6,AM,30,2023.0,No,,
2776,7,MZ,30,2012.0,No,,
2776,8,SC,60,2024.0,No,,Subject to Anna University approval
2776,9,AD,120,2022.0,No,,
2776,10,EC,120,2025.0,No,,Subject to Anna University approval
1444,1,AD,60,2023.0,No,,
1444,2,SC,30,,,,
1444,3,CE,30,2010.0,No,,
1444,4,CS,60,2010.0,No,,
1444,5,EC,60,2010.0,No,,
1444,6,ME,60,2010.0,No,,
1211,1,AD,420,2022.0,No,,
1211,2,AE,60,2004.0,Yes,2028,
1211,3,AL,240,2020.0,No,,
1211,4,AU,60,2003.0,Yes,2028,
1211,5,BM,120,2005.0,Yes,2028,
1211,6,BT,180,2002.0,Yes,2028,
1211,7,CB,120,2019.0,Yes,2028,
1211,8,CD,60,2021.0,No,,
1211,9,CE,60,2009.0,Yes,2028,
1211,10,CH,60,2016.0,Yes,2027,
1211,11,CS,1020,1997.0,Yes,2028,
1211,12,EC,780,1997.0,Yes,2028,
1211,13,EE,120,1998.0,Yes,2028,
1211,14,IT,300,1999.0,Yes,2028,
1211,15,FD,60,2018.0,Yes,2027,
1211,16,ME,120,1997.0,Yes,2028,
1211,17,MZ,120,2015.0,Yes,2028,
1211,18,RM,60,2020.0,No,,
1211,19,SC,180,2023.0,No,,
1111,1,CS,120,2026.0,,,
1111,2,EC,120,2026.0,,,
1111,3,IT,60,2026.0,,,
1111,4,AD,60,2026.0,,,
1432,1,AD,420,2020.0,No,,
1432,2,CB,120,2021.0,No,,
1432,3,CO,120,2020.0,No,,
1432,4,CS,540,2008.0,Yes,2028,
1432,5,ME,120,2008.0,Yes,2028,
1432,6,EC,420,2008.0,Yes,2027,
1432,7,AM,120,2022.0,No,,
1432,8,EV,120,2023.0,No,,
1432,9,BT,60,2024.0,No,,
1432,10,SC,60,2026.0,,,
1212,1,BM,60,2002.0,No,,
1212,2,CS,60,2001.0,No,,
1212,3,EE,30,2004.0,No,,
1212,4,EC,30,2001.0,No,,
1212,5,PE,30,2004.0,No,,
1212,6,ME,30,2004.0,No,,
1212,7,AD,60,2025.0,No,,
1212,8,IT,60,2026.0,,,
4678,1,AD,120,2021.0,No,,
4678,2,CE,30,2013.0,Yes,2028,
4678,3,CS,180,2013.0,Yes,2027,
4678,4,EE,60,2013.0,Yes,2027,
4678,5,EC,120,2013.0,Yes,2027,
4678,6,ME,30,2013.0,Yes,2027,
4678,7,CB,60,2022.0,No,,
4678,8,IT,60,2022.0,No,,
4678,9,AM,60,2025.0,No,,
4678,10,SC,60,2026.0,,,
2329,1,AG,0,2020.0,No,,
2329,2,AM,180,2023.0,No,,
2329,3,AD,360,2020.0,No,,
2329,4,BT,60,2020.0,No,,
2329,5,CS,240,2011.0,No,,
2329,6,EC,240,2011.0,Yes,2026,
2329,7,IT,120,2011.0,Yes,2026,
2329,8,ME,60,2011.0,Yes,2027,
2329,9,XS,60,2021.0,No,,
2329,10,SC,180,2024.0,No,,
2329,11,MZ,60,2024.0,No,,
4676,1,AD,60,2023.0,No,,
4676,2,CS,120,2011.0,No,,
4676,3,EE,60,2011.0,No,,
4676,4,EC,60,2011.0,No,,
4676,5,ME,60,2011.0,No,,
4676,6,IT,60,2026.0,,,
4676,7,CB,60,2026.0,,,
3817,1,CE,60,2007.0,No,,
3817,2,CS,120,2001.0,Yes,2028,
3817,3,EE,60,2001.0,No,,
3817,4,EC,60,2005.0,No,,
3817,5,ME,60,2005.0,Yes,2028,
3817,6,BT,60,2019.0,No,,
3817,7,AD,60,2025.0,No,,
3817,8,BM,60,2026.0,No,,
4670,1,AG,60,2021.0,No,,
4670,2,BM,60,2022.0,No,,
4670,3,CE,60,2012.0,Yes,2028,
4670,4,CS,180,2012.0,Yes,2028,
4670,5,EC,120,2012.0,Yes,2027,
4670,6,EE,60,2012.0,Yes,2027,
4670,7,ME,120,2012.0,Yes,2027,
4670,8,AD,120,2023.0,No,,
4670,9,AL,120,2024.0,No,,
1437,1,AD,60,2022.0,No,,
1437,2,CE,30,2010.0,No,,
1437,3,CS,60,2008.0,No,,
1437,4,EE,30,2008.0,No,,
1437,5,EC,60,2008.0,No,,
1437,6,ME,30,2010.0,No,,
1437,7,IT,60,2008.0,No,,
1437,8,SC,30,2025.0,No,,
5862,1,AE,30,2011.0,No,,
5862,2,AG,60,2014.0,No,,
5862,3,AU,30,2009.0,No,,
5862,4,BM,60,2010.0,No,,
5862,5,CE,30,2009.0,No,,
5862,6,CS,60,2009.0,No,,
5862,7,ME,30,2010.0,No,,
5862,8,CB,30,2023.0,No,,
5862,9,SC,30,2023.0,No,,
1114,1,AD,120,2021.0,No,,
1114,2,EE,120,2001.0,Yes,2027,
1114,3,ME,60,1998.0,Yes,2027,
1114,4,CB,60,2021.0,No,,
1114,5,AM,60,2022.0,No,,
1114,6,CE,30,2010.0,No,,
1114,7,SC,60,2023.0,No,,
1114,8,CS,300,1998.0,Yes,2028,
1114,9,EC,180,1998.0,Yes,2027,
1114,10,IT,120,1998.0,Yes,2028,
1114,11,EV,60,2023.0,No,,
1512,1,CE,60,2009.0,No,,
1512,2,CS,120,1999.0,No,,
1512,3,EC,60,1999.0,No,,
1512,4,EE,60,2001.0,No,,
1512,5,IT,60,1999.0,No,,
1512,6,ME,60,2003.0,No,,
1512,7,AD,120,2023.0,No,,
1512,8,SC,60,2023.0,No,,
1512,9,AM,60,2024.0,No,,
1213,1,BM,60,2017.0,No,,
1213,2,CS,60,2001.0,No,,
1213,3,EC,60,2001.0,No,,
1213,4,EE,30,2005.0,No,,
1213,5,IT,60,2001.0,No,,
2614,1,EC,60,1998.0,No,,
2614,2,CS,60,1998.0,No,,
2614,3,ME,60,1998.0,No,,
2614,4,TC,30,1998.0,No,,
2614,5,TX,60,1998.0,No,,
2614,6,EE,60,2004.0,No,,
2614,7,CE,30,2009.0,No,,
2614,8,PC,30,2015.0,No,,
2614,9,PE,30,2016.0,No,,
2614,10,IT,60,1999.0,No,,
2614,11,AD,60,2026.0,,,Subject to Anna University approval
4967,1,AD,30,2023.0,No,,
4967,2,CE,30,2008.0,No,,
4967,3,CS,60,2001.0,No,,
4967,4,SC,30,2023.0,No,,
4967,5,EC,60,2001.0,No,,
4967,6,EE,30,2006.0,No,,
4967,7,ME,30,2009.0,No,,
4967,8,IT,60,2023.0,No,,
4747,1,CS,60,2026.0,,,
4747,2,AM,60,2026.0,,,
4747,3,EC,60,2026.0,,,
4747,4,EE,60,2026.0,,,
4747,5,IT,60,2026.0,,,
5915,1,CE,60,2009.0,No,,
5915,2,ME,60,1998.0,No,,
5915,3,EE,60,1998.0,No,,
5915,4,CS,60,1998.0,No,,
5915,5,EC,60,2002.0,No,,
5915,6,AD,30,2025.0,No,,
5915,7,IT,30,2025.0,No,,
2659,1,AD,30,2022.0,No,,
2659,2,BM,60,2014.0,No,,
2659,3,CE,30,2009.0,No,,
2659,4,BT,30,2022.0,No,,
2659,5,CS,60,2009.0,No,,
2659,6,EC,60,2009.0,No,,
2659,7,EE,30,2010.0,No,,
2659,8,IT,60,2022.0,No,,
2659,9,ME,60,2009.0,No,,
2616,1,AD,30,2023.0,No,,
2616,2,CE,30,2007.0,No,,
2616,3,CS,60,2001.0,No,,
2616,4,EC,60,1993.0,No,,
2616,5,EE,30,1993.0,No,,
2616,6,EI,30,1993.0,No,,
2616,7,IT,30,2001.0,No,,
2616,8,ME,60,1993.0,No,,
2616,9,SC,30,2023.0,No,,
3819,1,CS,120,1998.0,Yes,2028,
3819,2,EC,120,1998.0,Yes,2028,
3819,3,EE,60,1998.0,Yes,2028,
3819,4,IT,60,2001.0,Yes,2028,
3819,5,IC,30,2003.0,Yes,2028,
3819,6,ME,60,2005.0,Yes,2028,
3819,7,CE,30,2016.0,Yes,2028,
3819,8,AD,120,2021.0,No,,
3819,9,CB,60,2021.0,No,,
3819,10,AM,60,2022.0,No,,
1449,1,AG,30,2021.0,No,,
1449,2,CE,30,2010.0,No,,
1449,3,CS,60,2010.0,No,,
1449,4,EC,60,2010.0,No,,
1449,5,ME,30,2010.0,No,,
1449,6,IT,60,2026.0,,,
1449,7,AD,60,2026.0,,,
4968,1,AD,60,2022.0,No,,
4968,2,CE,30,2002.0,No,,
4968,3,CS,60,2000.0,No,,
4968,4,EE,30,2006.0,No,,
4968,5,EC,30,2000.0,No,,
4968,6,ME,30,2000.0,No,,
4968,7,SC,60,2025.0,No,,
2361,1,AR,80,2012.0,No,,
2361,2,DA,30,2026.0,,,
2717,1,AD,180,2020.0,No,,Subject to Anna University approval
2717,2,CS,120,2001.0,No,,
2717,3,SC,60,2023.0,No,,
2717,4,IT,60,2023.0,No,,
2717,5,EC,120,2001.0,No,,
2717,6,EE,30,2002.0,No,,
2717,7,ME,30,2005.0,No,,Subject to Anna University approval
2717,8,CE,0,2011.0,No,,Subject to Anna University approval
1216,1,CE,30,2012.0,No,,
1216,2,CS,600,2001.0,Yes,2028,
1216,3,EC,360,2001.0,Yes,2028,
1216,4,EE,60,2002.0,Yes,2028,
1216,5,IT,120,2001.0,Yes,2028,
1216,6,ME,60,2003.0,Yes,2028,
1216,7,AD,180,2020.0,No,,
1216,8,AL,180,2021.0,No,,
1216,9,SC,60,2022.0,No,,
5930,1,CE,90,2010.0,No,,
5930,2,CS,90,2009.0,No,,
5930,3,EE,60,2009.0,No,,
5930,4,EC,90,2009.0,No,,
5930,5,ME,90,2009.0,No,,
5930,6,AD,30,2024.0,No,,
5930,7,IT,30,2024.0,No,,
5930,8,BM,30,2024.0,No,,
4969,1,AD,120,2024.0,No,,
4969,2,CS,180,2001.0,No,,
4969,3,EC,60,2001.0,No,,
4969,4,EE,60,2002.0,No,,
4969,5,ME,60,2003.0,No,,
4969,6,IT,60,2025.0,No,,
4969,7,SC,60,2026.0,,,
3,1,BP,40,2022.0,No,,
3,2,AR,40,1957.0,No,,
3,3,BA,40,2010.0,No,,
2627,1,BM,60,2022.0,No,,
2627,2,BT,60,2013.0,No,,
2627,3,CE,30,2013.0,No,,
2627,4,CS,60,2006.0,No,,
2627,5,EC,60,2006.0,No,,
2627,6,EE,60,2006.0,No,,
2627,7,ME,60,2009.0,No,,
2627,8,IT,60,2022.0,No,,
2627,9,AD,30,2023.0,No,,
2617,1,CE,60,2004.0,No,,
2617,2,AD,60,2021.0,No,,
2617,3,CS,120,2001.0,No,,
2617,4,SC,60,2022.0,No,,
2617,5,EE,60,2001.0,No,,
2617,6,EC,60,2001.0,No,,
2617,7,ME,60,2004.0,No,,
2617,8,IT,60,2007.0,No,,
2617,9,RM,30,2019.0,No,,
2617,10,MD,60,2007.0,No,,
2617,11,PH,30,2023.0,No,,
2617,12,AM,60,2025.0,No,,
2617,13,EV,60,2026.0,,,
4917,1,AD,180,2021.0,No,,
4917,2,AG,30,2016.0,No,,
4917,3,AM,120,2022.0,No,,
4917,4,BM,60,2016.0,Yes,2028,
4917,5,BT,30,2020.0,No,,
4917,6,CB,60,2020.0,No,,
4917,7,CD,60,2021.0,No,,
4917,8,CE,60,2007.0,Yes,2027,
4917,9,CS,300,1995.0,Yes,2027,
4917,10,EC,300,1997.0,Yes,2027,
4917,11,EE,60,1998.0,Yes,2027,
4917,12,IT,120,1999.0,Yes,2025,
4917,13,ME,90,1995.0,Yes,2025,
4917,14,CI,60,2023.0,No,,
4917,15,SC,60,2023.0,No,,
4917,16,EV,30,2026.0,,,
3918,1,AM,30,2023.0,No,,
3918,2,CS,60,2001.0,No,,
3918,3,CE,30,2012.0,No,,
3918,4,ME,30,2005.0,No,,
3918,5,EC,30,2001.0,No,,
3918,6,EE,30,2001.0,No,,
3918,7,SC,30,2023.0,No,,
3918,8,AD,30,2025.0,No,,
3918,9,IT,30,2025.0,No,,
1333,1,CS,60,2009.0,No,,
1333,2,EE,30,2009.0,No,,
1333,3,EC,60,2009.0,No,,
1333,4,ME,60,2009.0,No,,
1333,5,AM,60,2024.0,No,,
1333,6,AD,60,2024.0,No,,
3844,1,CS,120,2010.0,No,,
3844,2,BM,60,2020.0,No,,
3844,3,AD,60,2021.0,No,,
3844,4,EE,30,2009.0,No,,
3844,5,SC,30,2022.0,No,,
3844,6,IT,60,2024.0,No,,
3844,7,EC,30,2023.0,No,,
3844,8,ME,30,2009.0,No,,
2346,1,CS,60,2011.0,No,,
2346,2,EC,30,2011.0,No,,
2346,3,EE,30,2011.0,No,,
2346,4,ME,30,2011.0,No,,
2346,5,AD,60,2022.0,No,,
2346,6,BM,30,2024.0,No,,
2346,7,IT,60,2024.0,No,,
2747,1,CE,60,2010.0,Yes,2028,
2747,2,CS,120,2008.0,Yes,2028,
2747,3,EE,60,2008.0,Yes,2028,
2747,4,EC,120,2008.0,Yes,2028,
2747,5,ME,60,2009.0,Yes,2028,
2747,6,AD,60,2023.0,No,,
2747,7,IT,60,2023.0,No,,
2747,8,BM,60,2023.0,No,,
2747,9,PH,60,2023.0,No,,
2747,10,BT,60,2024.0,No,,
2747,11,AM,60,2024.0,No,,
2747,12,SC,60,2024.0,No,,
2747,13,RM,60,2026.0,,,
2683,1,AG,30,2019.0,No,,
2683,2,BM,60,2019.0,No,,
2683,3,IT,60,2022.0,No,,
2683,4,CS,120,2010.0,No,,
2683,5,ME,30,2010.0,No,,
2683,6,EE,30,2010.0,No,,
2683,7,AD,90,2023.0,No,,
2683,8,EC,60,2025.0,No,,
3760,1,CS,120,2010.0,No,,
3760,2,EC,60,2010.0,No,,
3760,3,ME,60,2010.0,No,,
3760,4,IT,60,2023.0,No,,
3760,5,AD,60,2021.0,No,,
3760,6,AL,60,2025.0,No,,
3760,7,EE,60,2026.0,,,
4938,1,AG,60,2021.0,No,,
4938,2,AD,60,2023.0,No,,
4938,3,CE,60,2009.0,No,,
4938,4,CS,60,2009.0,No,,
4938,5,EE,30,2009.0,No,,
4938,6,BM,60,2025.0,No,,
2726,1,BM,60,2016.0,No,,
2726,2,CE,60,2009.0,No,,
2726,3,CS,360,2002.0,Yes,2028,
2726,4,EC,360,2002.0,Yes,2028,
2726,5,EE,90,2005.0,Yes,2028,
2726,6,ME,150,2005.0,Yes,2028,
2726,7,FD,60,2019.0,No,,
2726,8,AL,120,2021.0,No,,
2726,9,AO,30,2020.0,No,,
2726,10,IT,120,2002.0,Yes,2028,
2726,11,MZ,60,2011.0,No,,
2726,12,AD,180,2020.0,No,,
2726,13,SB,120,2020.0,No,,
2726,14,TS,60,2020.0,No,,
2726,15,CD,60,2021.0,No,,
2726,16,MO,60,2020.0,No,,
2726,17,DS,60,2026.0,,,
5914,1,AD,60,2022.0,No,,
5914,2,CB,60,2022.0,No,,
5914,3,CE,30,1999.0,No,,
5914,4,CS,120,1995.0,No,,
5914,5,EC,60,1997.0,No,,
5914,6,EE,30,1995.0,No,,
5914,7,ME,30,1995.0,No,,
5914,8,AL,60,2025.0,No,,
5914,9,EL,60,2025.0,No,,
2618,1,AD,180,2020.0,No,,
2618,2,BM,60,2019.0,No,,
2618,3,CE,60,2003.0,Yes,2031,
2618,4,CD,60,2022.0,No,,
2618,5,CS,240,1997.0,Yes,2031,
2618,6,EE,120,1997.0,Yes,2028,
2618,7,FT,60,2005.0,Yes,2028,
2618,8,IT,180,1998.0,Yes,2028,
2618,9,ME,150,1997.0,Yes,2028,
2618,10,MZ,90,2018.0,No,,
2618,11,EC,240,1999.0,Yes,2031,
2618,12,EX,60,2024.0,No,,
2618,13,EF,60,2024.0,No,,
2618,14,AM,90,2022.0,No,,
2618,15,CB,60,2025.0,No,,
2618,16,SF,30,2025.0,No,,
2618,17,SC,60,2025.0,No,,
2618,18,EL,60,2025.0,No,,
4911,1,AD,60,2026.0,,,
4911,2,IT,60,2026.0,,,
4911,3,CS,60,2026.0,,,
4911,4,EC,60,2026.0,,,
4911,5,EE,60,2026.0,,,
4911,6,ME,60,2026.0,,,
1438,1,ME,60,2010.0,No,,
1438,2,CE,30,2010.0,No,,
1438,3,CS,45,2010.0,No,,
1438,4,EE,30,2010.0,No,,
1438,5,EC,45,2010.0,No,,
2673,1,AM,60,2023.0,No,,
2673,2,SC,90,2023.0,No,,
2673,3,IT,90,2023.0,No,,
2673,4,CS,120,2010.0,No,,
2673,5,EC,120,2010.0,No,,
2673,6,CE,30,2010.0,No,,
2673,7,EE,60,2010.0,No,,
2673,8,ME,60,2010.0,No,,
2673,9,AD,120,2024.0,No,,
1217,1,AU,30,2014.0,No,,
1217,2,AD,60,2020.0,No,,
1217,3,CE,30,2002.0,No,,
1217,4,CS,60,1999.0,No,,
1217,5,EC,60,1999.0,No,,
1217,6,EE,30,1999.0,No,,
1217,7,FD,60,2020.0,No,,
1217,8,BM,30,2018.0,No,,
1217,9,MU,30,2020.0,No,,
1217,10,BT,60,2003.0,No,,
1217,11,IT,60,2023.0,No,,
1217,12,SC,30,2023.0,No,,
1217,13,AM,30,2023.0,No,,
1217,14,CB,30,2023.0,No,,
4970,1,CS,120,2000.0,No,,
4970,2,CE,30,2010.0,No,,
4970,3,EC,60,2004.0,No,,
4970,4,EE,60,2000.0,No,,
4970,5,ME,30,2010.0,No,,
4970,6,AD,60,2025.0,No,,
2767,1,AD,30,2022.0,No,,
2767,2,BM,60,2020.0,No,,
2767,3,CE,30,2010.0,No,,
2767,4,CS,60,2009.0,No,,
2767,5,EE,60,2009.0,No,,
2767,6,ME,60,2009.0,No,,
2767,7,IT,30,2022.0,No,,
2767,8,SC,30,2023.0,No,,
1513,1,CS,60,1999.0,No,,
1513,2,EC,60,1999.0,No,,
1513,3,IT,60,1999.0,No,,
1513,4,AD,60,2024.0,No,,
1513,5,CB,60,2024.0,No,,
3852,1,CE,60,2009.0,No,,
3852,2,CS,60,2009.0,No,,
3852,3,EE,30,2009.0,No,,
3852,4,EC,60,2009.0,No,,
3852,5,IT,60,2023.0,No,,
3852,6,AD,60,2025.0,No,,
2739,1,CS,240,2008.0,Yes,2028,
2739,2,EC,180,2008.0,Yes,2028,
2739,3,EE,60,2008.0,Yes,2028,
2739,4,ME,30,2009.0,Yes,2028,
2739,5,CO,60,2019.0,Yes,2028,
2739,6,IT,60,2019.0,Yes,2028,
2739,7,AD,240,2020.0,No,,
2739,8,CB,60,2020.0,No,,
2739,9,AM,120,2022.0,No,,
2739,10,SC,60,2024.0,No,,
2739,11,EV,30,2026.0,,,
1150,1,AG,60,2018.0,No,,
1150,2,BM,60,2018.0,No,,
1150,3,ME,60,2014.0,No,,
1150,4,AD,60,2023.0,No,,
1150,5,CS,60,2023.0,No,,
1526,1,CE,30,2010.0,No,,
1526,2,CS,60,2009.0,No,,
1526,3,EE,30,2009.0,No,,
1526,4,EC,30,2009.0,No,,
1526,5,ME,60,2009.0,No,,
2718,1,AD,540,2020.0,No,,
2718,2,CB,69,2019.0,No,,
2718,3,CE,90,2012.0,Yes,2026,
2718,4,CJ,60,2019.0,No,,
2718,5,CS,1080,1998.0,Yes,2026,
2718,6,EC,540,1998.0,Yes,2026,
2718,7,EE,180,2001.0,Yes,2026,
2718,8,IT,540,1998.0,Yes,2026,
2718,9,ME,198,1998.0,Yes,2026,
2718,10,SC,180,2022.0,No,,
2718,11,MZ,138,2000.0,Yes,2028,
2718,12,AM,60,2025.0,No,,
2718,13,CI,0,2025.0,No,,
1427,1,CS,60,2000.0,No,,
1427,2,EE,30,2005.0,No,,
1427,3,EC,60,2000.0,No,,
1427,4,IT,30,2000.0,No,,
1427,5,FT,30,2007.0,No,,
1427,6,AD,60,2023.0,No,,
1335,1,CE,60,2009.0,No,,
1335,2,EE,23,2009.0,No,,
1335,3,EC,30,2009.0,No,,
1335,4,ME,60,2009.0,No,,
1335,5,AM,60,2023.0,No,,
1335,6,SC,60,2023.0,No,,
1218,1,CE,30,2011.0,No,,
1218,2,CS,120,1996.0,No,,
1218,3,EC,90,1996.0,No,,
1218,4,EE,30,1996.0,No,,
1218,5,ME,30,1996.0,No,,
1218,6,IT,90,2000.0,No,,
1218,7,AD,120,2020.0,No,,
1218,8,BM,30,2020.0,No,,
1218,9,RM,30,2020.0,No,,
1218,10,PH,30,2020.0,No,,
1218,11,SC,60,2026.0,,,
5502,1,CE,30,2010.0,No,,
5502,2,EC,60,2010.0,No,,
5502,3,EE,30,2010.0,No,,
5502,4,ME,30,2010.0,No,,
5502,5,AG,30,2022.0,No,,
5502,6,AD,60,2023.0,No,,
5502,7,CS,120,2010.0,No,,
5502,8,IT,60,2026.0,,,Subject to Both AU and AICTE approval
1115,1,EE,30,1993.0,No,,
1115,2,AD,60,2020.0,No,,
1115,3,CS,60,1995.0,No,,
1115,4,EC,30,1993.0,No,,
1115,5,ME,30,1993.0,No,,
1115,6,AM,30,2023.0,No,,
1115,7,CB,30,2023.0,No,,
1115,8,SC,30,2023.0,No,,
3454,1,AD,60,2022.0,No,,
3454,2,BM,60,2020.0,No,,
3454,3,CS,150,2012.0,No,,
3454,4,AG,60,2018.0,No,,
3454,5,ME,30,2012.0,No,,
3454,6,EC,60,2025.0,No,,
3454,7,SC,30,2023.0,,,
2719,1,AE,30,2008.0,Yes,2026,
2719,2,BM,60,2006.0,Yes,2026,
2719,3,CE,60,2012.0,Yes,2026,
2719,4,CS,180,1994.0,Yes,2028,
2719,5,EC,180,1994.0,Yes,2028,
2719,6,EE,90,1994.0,Yes,2028,
2719,7,EI,60,2001.0,Yes,2028,
2719,8,IT,120,1997.0,Yes,2028,
2719,9,ME,90,1994.0,Yes,2028,
2719,10,RM,60,2019.0,Yes,2028,
2719,11,AD,30,2020.0,No,,
2719,12,CJ,60,2021.0,No,,
2725,1,CS,180,2002.0,No,,
2725,2,EE,60,2002.0,No,,
2725,3,EC,120,2002.0,Yes,2028,
2725,4,ME,30,2005.0,No,,
2725,5,IT,60,2006.0,Yes,2028,
2725,6,AD,60,2025.0,No,,
1426,1,CS,120,2002.0,No,,
1426,2,EC,60,2002.0,No,,
1426,3,EE,30,2002.0,No,,
1426,4,ME,60,2002.0,No,,
1426,5,AD,120,2023.0,No,,
1426,6,IT,90,2008.0,No,,
1426,7,CB,0,2024.0,No,,
1426,8,SC,60,2026.0,,,
2342,1,AD,90,2023.0,No,,Subject to Anna University approval
2342,2,CS,150,2011.0,Yes,2028,
2342,3,CE,30,2012.0,No,,
2342,4,EC,60,2011.0,No,,
2342,5,EE,30,2011.0,Yes,2028,
2342,6,IT,60,2023.0,No,,
2342,7,ME,30,2011.0,No,,
2342,8,RM,30,2026.0,,,Subject to Anna University approval
2342,9,SC,30,2026.0,,,Subject to Anna University approval
1445,1,CS,180,2009.0,No,,
1445,2,EC,60,2009.0,No,,
1445,3,EE,60,2009.0,No,,
1445,4,ME,60,2009.0,No,,
1445,5,AD,60,2024.0,No,,
1419,1,SC,180,2024.0,No,,
1419,2,AD,300,2020.0,No,,
1419,3,CE,30,2007.0,No,,
1419,4,EC,600,1995.0,Yes,2026,
1419,5,CS,600,1998.0,Yes,2028,
1419,6,EE,180,1995.0,Yes,2028,
1419,7,EI,120,2007.0,Yes,2028,
1419,8,ME,120,1992.0,Yes,2028,
1419,9,IT,480,1999.0,Yes,2028,
1419,10,CB,60,2020.0,No,,
1419,11,CJ,60,2021.0,No,,
1419,12,AM,180,2022.0,No,,
1419,13,CI,120,2022.0,No,,
1419,14,MZ,60,2025.0,No,,
1419,15,CO,60,2025.0,No,,
2737,1,CE,30,2008.0,No,,
2737,2,CS,60,2007.0,No,,
2737,3,AM,30,2023.0,No,,
2737,4,SC,30,2023.0,No,,
2737,5,EC,60,2007.0,No,,
2737,6,EE,30,2007.0,No,,
2737,7,ME,60,2009.0,No,,
2737,8,IT,60,2007.0,No,,
2737,9,AD,60,2024.0,No,,
2727,1,IT,180,2006.0,Yes,2028,
2727,2,EC,240,2006.0,Yes,2027,
2727,3,EE,60,2006.0,Yes,2028,
2727,4,ME,60,2009.0,Yes,2028,
2727,5,AG,60,2015.0,Yes,2027,
2727,6,BT,60,2016.0,Yes,2026,
2727,7,BM,60,2016.0,Yes,2026,
2727,8,CE,60,2011.0,No,,
2727,9,FD,60,2016.0,Yes,2027,
2727,10,AL,180,2021.0,No,,
2727,11,SC,120,2022.0,No,,
2727,12,EV,60,2024.0,No,,
2727,13,CS,360,2006.0,Yes,2028,
2727,14,AD,300,2021.0,No,,
2302,1,AG,30,2016.0,Yes,2027,
2302,2,AD,180,2020.0,No,,Subject to Both AU and AICTE approval
2302,3,BM,60,2020.0,No,,
2302,4,IT,60,2020.0,No,,
2302,5,CS,120,2011.0,No,,Subject to Both AU and AICTE approval
2302,6,EC,120,2011.0,No,,Subject to Both AU and AICTE approval
2302,7,ME,60,2011.0,Yes,2026,
2302,8,SC,120,2023.0,No,,Subject to Both AU and AICTE approval
2302,9,AL,60,2026.0,,,Subject to Anna University approval
2302,10,CO,60,2026.0,,,Subject to Both AU and AICTE approval
1219,1,AD,120,2020.0,No,,
1219,2,BT,120,2005.0,Yes,2028,
1219,3,CE,60,2008.0,Yes,2026,
1219,4,CH,120,1994.0,Yes,2028,
1219,5,CS,360,1985.0,Yes,2028,
1219,6,EE,180,1994.0,Yes,2028,
1219,7,EC,240,1985.0,Yes,2028,
1219,8,IT,120,1996.0,Yes,2028,
1219,9,ME,120,1985.0,Yes,2028,
1219,10,MU,60,2022.0,No,,
1219,11,MB,30,2024.0,No,,
1116,1,CE,30,2003.0,No,,
1116,2,ME,60,2005.0,No,,
1116,3,EC,60,2002.0,No,,
1116,4,EE,30,2000.0,No,,
1116,5,CS,60,2000.0,No,,
1116,6,AM,30,2023.0,No,,
1116,7,AD,60,2023.0,No,,
1116,8,IT,30,2023.0,No,,
1116,9,SC,30,2023.0,No,,
1121,1,AD,30,2023.0,No,,
1121,2,CS,60,2002.0,No,,
1121,3,EC,60,2002.0,No,,
1121,4,EE,30,2002.0,No,,
1121,5,ME,60,2009.0,No,,
1413,1,AD,120,2020.0,No,,
1413,2,CS,120,2010.0,No,,
1413,3,SC,120,2022.0,No,,
1413,4,EC,60,2010.0,No,,
1413,5,EE,30,2010.0,No,,
1413,6,ME,30,2010.0,No,,
1413,7,AM,120,2024.0,No,,
1413,8,CB,60,2024.0,No,,
1413,9,CD,60,2024.0,No,,
1413,10,EV,60,2024.0,No,,
1413,11,EA,60,2024.0,No,,
1413,12,IT,60,2024.0,No,,
4996,1,CE,30,2009.0,No,,
4996,2,CS,60,2008.0,No,,
4996,3,EC,60,2008.0,No,,
4996,4,EE,60,2008.0,No,,
4996,5,ME,60,2011.0,No,,
4996,6,AD,60,2023.0,No,,
4996,7,CB,30,2023.0,No,,
3477,1,AD,60,2026.0,,,
3477,2,BM,60,2026.0,,,
3477,3,CS,120,2026.0,,,
3477,4,EE,60,2026.0,,,
3477,5,EC,60,2026.0,,,
3477,6,IT,60,2026.0,,,
3477,7,ME,60,2026.0,,,
3815,1,AD,30,2023.0,No,,
3815,2,BM,30,2022.0,No,,
3815,3,BT,30,2002.0,No,,
3815,4,CS,60,1998.0,No,,
3815,5,EC,60,1998.0,No,,
3815,6,EE,30,2002.0,No,,
3815,7,IT,60,1998.0,No,,
3815,8,ME,30,2011.0,No,,
3815,9,TX,0,1998.0,No,,
3815,10,SC,60,2026.0,,,
3815,11,AM,30,2026.0,,,
5842,1,CE,30,2009.0,No,,
5842,2,ME,30,2009.0,No,,
5842,3,EC,120,2009.0,No,,
5842,4,EE,30,2009.0,No,,
5842,5,CS,180,2010.0,No,,
5842,6,IT,120,2011.0,No,,
5842,7,AD,120,2023.0,No,,
5842,8,SC,60,2023.0,No,,
5842,9,AM,60,2023.0,No,,
3795,1,CE,60,2010.0,No,,
3795,2,CS,300,2010.0,Yes,2027,
3795,3,EC,180,2010.0,Yes,2027,
3795,4,EE,60,2010.0,No,,
3795,5,ME,120,2010.0,Yes,2027,
3795,6,AD,180,2022.0,No,,
3795,7,IT,120,2025.0,No,,
3795,8,AL,60,2025.0,No,,
1422,1,CE,30,2009.0,No,,
1422,2,CS,180,1999.0,Yes,2026,
1422,3,EE,60,2001.0,Yes,2028,
1422,4,EC,180,1999.0,Yes,2026,
1422,5,EI,60,2002.0,Yes,2028,
1422,6,ME,60,2008.0,Yes,2026,
1422,7,IT,120,1999.0,No,,
1422,8,AG,60,2019.0,No,,
1422,9,CY,60,2020.0,No,,
1422,10,MD,60,2019.0,No,,
1422,11,AD,120,2020.0,No,,
5530,1,AD,60,2022.0,No,,
5530,2,CE,30,2011.0,No,,
5530,3,EE,60,2013.0,Yes,2025,
5530,4,IT,60,2023.0,No,,
5530,5,CB,60,2022.0,No,,
5530,6,CS,60,2011.0,No,,
5530,7,ME,30,2011.0,Yes,2025,
5530,8,EC,60,2011.0,Yes,2025,
5530,9,SC,60,2023.0,No,,
5530,10,AM,60,2024.0,No,,
3860,1,CS,60,2009.0,No,,
3860,2,EC,60,2009.0,No,,
3860,3,EE,60,2009.0,No,,
3860,4,ME,60,2009.0,No,,
3860,5,AM,60,2023.0,No,,
1325,1,CS,180,2008.0,No,,
1325,2,IT,90,2008.0,No,,
1325,3,EC,90,2008.0,No,,
1325,4,ME,60,2009.0,No,,
1325,5,AD,60,2022.0,No,,
1325,6,SC,60,2025.0,No,,
3825,1,IT,120,2024.0,No,,
3825,2,AD,120,2022.0,No,,
3825,3,CS,120,2007.0,No,,
3825,4,EC,60,2007.0,No,,
3825,5,EE,30,2007.0,No,,
3825,6,ME,30,2008.0,No,,
3825,7,SC,60,2026.0,,,
1317,1,AL,120,2021.0,No,,
1317,2,BT,60,2002.0,Yes,2028,
1317,3,EC,360,1994.0,Yes,2025,
1317,4,IT,480,1997.0,Yes,2025,
1317,5,MZ,30,2024.0,No,,
1317,6,SC,120,2024.0,No,,
1317,7,AD,420,2021.0,No,,
1317,8,CS,540,1997.0,Yes,2025,
1317,9,CB,60,2025.0,No,,
1317,10,ME,90,1998.0,Yes,2025,
1317,11,CH,30,1994.0,Yes,2025,
1317,12,EE,120,1996.0,Yes,2025,
1317,13,CJ,60,2025.0,No,,
1317,14,AM,60,2026.0,,,
1243,1,AD,60,2022.0,No,,
1243,2,EC,60,2009.0,No,,
1243,3,CS,60,2010.0,No,,
1243,4,IT,60,2009.0,No,,
1243,5,SC,60,2022.0,No,,
5919,1,BT,60,2002.0,No,,
5919,2,CH,30,1998.0,No,,
5919,3,CS,60,1998.0,No,,
5919,4,EE,30,2002.0,No,,
5919,5,EC,60,1998.0,No,,
5919,6,ME,30,2012.0,No,,
5919,7,AM,60,2023.0,No,,
5919,8,BM,30,2023.0,No,,
4933,1,CS,120,2011.0,No,,
4933,2,EC,90,2009.0,No,,
4933,3,EE,30,2009.0,No,,
4933,4,ME,30,2009.0,No,,
4933,5,AD,120,2024.0,No,,
1127,1,AD,120,2023.0,No,,
1127,2,BT,60,2014.0,No,,
1127,3,CS,120,2008.0,No,,
1127,4,CH,30,2014.0,No,,
1127,5,EC,60,2008.0,No,,
1127,6,EE,60,2009.0,No,,
1127,7,IT,120,2008.0,No,,
1127,8,ME,60,2008.0,No,,
1127,9,AR,20,2012.0,No,,
1127,10,CB,60,2025.0,No,,
4971,1,CE,30,1999.0,Yes,2027,
4971,2,EC,120,1998.0,Yes,2028,
4971,3,EE,60,1998.0,Yes,2028,
4971,4,IT,60,2001.0,Yes,2027,
4971,5,ME,120,2003.0,Yes,2028,
4971,6,CS,180,1998.0,Yes,2027,
4971,7,AD,120,2022.0,No,,
4971,8,SC,60,2025.0,No,,
4672,1,CE,60,2014.0,No,,
4672,2,CS,120,2012.0,Yes,2028,
4672,3,EC,60,2012.0,No,,
4672,4,EE,60,2012.0,No,,
4672,5,ME,60,2012.0,Yes,2028,
4672,6,AD,120,2023.0,No,,
4672,7,BM,60,2026.0,,,
2770,1,CS,150,2009.0,No,,
2770,2,EC,60,2009.0,No,,
2770,3,EE,30,2010.0,No,,
2770,4,ME,30,2009.0,No,,
2770,5,AD,120,2023.0,No,,
2770,6,IT,30,2023.0,No,,
2770,7,AM,30,2024.0,No,,
2770,8,SC,60,2024.0,No,,
3920,1,AD,120,2020.0,No,,
3920,2,CE,30,2005.0,No,,
3920,3,CS,120,2000.0,No,,
3920,4,AM,60,2023.0,No,,
3920,5,EC,30,2000.0,No,,
3920,6,EE,30,2000.0,No,,
3920,7,ME,30,2000.0,No,,
3920,8,CY,60,2025.0,No,,
3920,9,IT,60,2025.0,No,,
2360,1,AD,90,2022.0,No,,
2360,2,AG,30,2023.0,No,,
2360,3,EC,60,2012.0,No,,
2360,4,ME,30,2012.0,No,,
2360,5,MZ,30,2012.0,No,,
2360,6,IT,30,2023.0,No,,
2360,7,CS,90,2026.0,,,Subject to Anna University approval
4925,1,AD,120,2025.0,No,,
4925,2,AU,30,2025.0,No,,
4925,3,BC,30,2025.0,No,,
4925,4,CH,60,2025.0,No,,
4925,5,CE,180,2025.0,No,,
4925,6,CS,120,2025.0,No,,
4925,7,EE,120,2025.0,No,,
4925,8,FD,30,2025.0,No,,
4925,9,IT,60,2025.0,No,,
4925,10,ME,120,2025.0,No,,
4925,11,MD,90,2025.0,No,,
4925,12,PC,30,2025.0,No,,
4925,13,PH,30,2025.0,No,,
2748,1,CS,60,2008.0,No,,
2748,2,EC,60,2008.0,No,,
2748,3,SC,30,2023.0,No,,
2748,4,AD,60,2023.0,No,,
2748,5,BM,60,2023.0,No,,
2748,6,IT,120,2023.0,No,,
2748,7,ME,30,2009.0,No,,
2748,8,AM,30,2024.0,No,,
1434,1,AU,30,2010.0,No,,
1434,2,CE,30,2009.0,No,,
1434,3,CS,60,2008.0,No,,
1434,4,EE,60,2008.0,No,,
1434,5,EC,60,2008.0,No,,
1434,6,ME,60,2009.0,No,,
1434,7,AD,60,2022.0,No,,
1434,8,AG,30,2023.0,No,,
1434,9,AE,30,2010.0,No,,
1434,10,SC,30,2023.0,No,,
5921,1,AD,60,2021.0,No,,
5921,2,CB,30,2021.0,No,,
5921,3,CS,120,1998.0,No,,
5921,4,EC,60,1998.0,Yes,2027,
5921,5,EE,30,1998.0,Yes,2027,
5921,6,ME,30,2009.0,Yes,2027,
5921,7,CE,30,2011.0,No,,
5921,8,BM,30,2023.0,No,,
5921,9,IT,30,2024.0,No,,
1241,1,AD,60,2022.0,No,,
1241,2,CS,90,2009.0,No,,
1241,3,EC,60,2009.0,No,,
1241,4,EE,30,2009.0,No,,
1241,5,AM,30,2024.0,No,,
1241,6,IT,60,2024.0,No,,
1241,7,ME,30,2009.0,No,,
1415,1,CE,60,2010.0,No,,
1415,2,CS,30,2010.0,No,,
1415,3,EE,60,2010.0,No,,
1415,4,EC,30,2010.0,No,,
1415,5,ME,60,2010.0,No,,
1420,1,AD,60,2022.0,No,,
1420,2,AE,30,2005.0,No,,
1420,3,CS,120,1998.0,Yes,2027,
1420,4,EC,60,1996.0,Yes,2027,
1420,5,IT,120,1996.0,Yes,2027,
1420,6,ME,30,1998.0,No,,
1420,7,SC,60,2024.0,No,,
2646,1,AD,60,2022.0,No,,
2646,2,AM,30,2023.0,No,,
2646,3,CE,30,2009.0,No,,
2646,4,CS,60,2008.0,No,,
2646,5,EC,60,2008.0,No,,
2646,6,EE,60,2008.0,No,,
2646,7,ME,60,2008.0,No,,
2646,8,IT,60,2025.0,No,,
2721,1,AU,30,2006.0,No,,
2721,2,CE,30,1984.0,No,,
2721,3,CS,60,1988.0,No,,
2721,4,EC,60,1988.0,No,,
2721,5,EE,30,2006.0,No,,
2721,6,IC,30,1984.0,No,,
2721,7,ME,30,1984.0,No,,
2721,8,IT,60,2023.0,No,,
2721,9,AD,60,2022.0,No,,
4669,1,CE,30,2011.0,No,,
4669,2,EE,30,2011.0,No,,
4669,3,ME,30,2011.0,No,,
4669,4,CS,60,2011.0,No,,
4669,5,EC,60,2011.0,No,,
4669,6,AD,60,2024.0,No,,
4669,7,SC,30,2024.0,No,,
4669,8,IT,60,2025.0,No,,
1319,1,CS,120,1995.0,No,,
1319,2,CE,60,2012.0,No,,
1319,3,EC,60,1995.0,No,,
1319,4,EE,60,1995.0,No,,
1319,5,EI,0,2000.0,No,,Subject to Anna University approval
1319,6,ME,60,1995.0,No,,
1319,7,IT,120,1999.0,No,,
1319,8,AD,120,2020.0,No,,
1319,9,SC,60,2026.0,,,
1319,10,AM,60,2026.0,,,
1516,1,CE,60,1990.0,Yes,2025,
1516,2,ME,120,1990.0,Yes,2025,
1516,3,EC,120,1990.0,Yes,2025,
1516,4,EE,60,2018.0,No,,
1516,5,CS,60,2018.0,No,,
1516,6,RM,60,2025.0,No,,
2625,1,AG,60,2020.0,No,,
2625,2,AD,120,2022.0,No,,
2625,3,BM,60,2020.0,No,,
2625,4,CH,30,2020.0,No,,
2625,5,CE,30,2009.0,No,,
2625,6,CS,180,2006.0,No,,
2625,7,EE,60,2006.0,No,,
2625,8,EC,60,2006.0,No,,
2625,9,IT,120,2020.0,No,,
2625,10,ME,60,2008.0,No,,
5988,1,CE,60,2009.0,No,,
5988,2,CS,60,2007.0,No,,
5988,3,EE,60,2007.0,No,,
5988,4,EC,60,2007.0,No,,
5988,5,ME,60,2007.0,No,,
5988,6,IT,60,2023.0,No,,
5988,7,AM,60,2024.0,No,,
5008,1,CE,40,1957.0,Yes,2031,
5008,2,CN,80,2007.0,Yes,2031,
5008,3,ME,50,1957.0,Yes,2028,
5008,4,MF,70,2000.0,Yes,2028,
5008,5,EE,50,1957.0,Yes,2031,
5008,6,EY,70,2000.0,Yes,2031,
5008,7,EC,50,1978.0,Yes,2031,
5008,8,EM,130,2000.0,Yes,2031,
5008,9,CS,50,1985.0,Yes,2028,
5008,10,CM,130,2000.0,Yes,2028,
5008,11,IM,240,1999.0,Yes,2028,
5008,12,MG,60,2014.0,Yes,2028,
5008,13,CW,120,2020.0,No,,
5008,14,CG,60,2024.0,No,,
5008,15,ID,30,2024.0,No,,
5008,16,FT,30,2026.0,,,Subject to Anna University approval
5008,17,EV,60,2026.0,,,Subject to Anna University approval
5008,18,EF,60,2026.0,,,Subject to Anna University approval
1517,1,CE,30,2005.0,No,,
1517,2,CS,120,1999.0,No,,
1517,3,EC,30,2005.0,No,,
1517,4,EE,30,2000.0,No,,
1517,5,AD,30,2023.0,No,,
1517,6,ME,60,1999.0,No,,
1517,7,IT,30,2007.0,No,,
1517,8,AG,30,2024.0,No,,
1518,1,CS,90,1998.0,No,,
1518,2,EE,30,2005.0,No,,
1518,3,EC,60,1998.0,No,,
1518,4,IT,68,1999.0,No,,
1518,5,ME,60,1998.0,No,,
1518,6,AM,30,2023.0,No,,
3822,1,CE,30,2012.0,No,,
3822,2,CS,60,1998.0,No,,
3822,3,EC,30,1999.0,No,,
3822,4,ME,60,1995.0,No,,
3822,5,AD,30,2023.0,No,,
3822,6,IT,30,2023.0,No,,
3822,7,EE,60,1995.0,No,,
3822,8,BM,60,2026.0,,,
3820,1,CE,60,2012.0,No,,
3820,2,CS,150,1998.0,No,,
3820,3,AM,30,2023.0,No,,
3820,4,AD,60,2020.0,No,,
3820,5,EC,60,1998.0,No,,
3820,6,EE,60,2004.0,No,,
3820,7,ME,60,1998.0,No,,
3820,8,MC,60,2012.0,No,,
3820,9,SC,30,2026.0,,,
3820,10,CB,60,2026.0,,,
4978,1,AE,30,2012.0,No,,
4978,2,BM,120,2005.0,No,,
4978,3,BT,60,2002.0,No,,
4978,4,CS,60,2006.0,No,,
4978,5,CE,60,2011.0,No,,
4978,6,EE,60,2005.0,No,,
4978,7,EC,30,2002.0,No,,
4978,8,ME,90,2005.0,No,,
4978,9,AG,60,2022.0,No,,
4978,10,AM,60,2022.0,No,,
4978,11,RM,30,2022.0,No,,
4978,12,SC,60,2022.0,No,,
5942,1,CE,30,2013.0,No,,
5942,2,CS,60,2009.0,No,,
5942,3,EC,60,2009.0,No,,
5942,4,EE,30,2009.0,No,,
5942,5,IT,60,2011.0,No,,
5942,6,ME,30,2009.0,No,,
5942,7,AD,60,2025.0,No,,
2761,1,CS,120,2009.0,No,,
2761,2,EC,120,2009.0,No,,
2761,3,RM,30,2020.0,No,,
2761,4,AD,120,2020.0,No,,
2761,5,SC,60,2022.0,No,,
2761,6,IT,60,2022.0,No,,
4675,1,CE,30,2011.0,No,,
4675,2,CS,60,2011.0,No,,
4675,3,EC,60,2011.0,No,,
4675,4,ME,60,2011.0,No,,
4675,5,CB,30,2023.0,No,,
4675,6,AD,30,2024.0,No,,
4675,7,EE,30,2011.0,No,,
3016,1,CE,30,2008.0,No,,
3016,2,CS,60,2008.0,No,,
3016,3,EC,60,2008.0,No,,
3016,4,EE,60,2009.0,No,,
3016,5,ME,30,2008.0,No,,
3016,6,XC,30,2010.0,No,,
3016,7,XM,30,2010.0,No,,
1015,1,EC,60,2009.0,No,,
1015,2,EE,60,2009.0,No,,
1015,3,ME,30,2009.0,No,,
1015,4,XM,30,2010.0,No,,
1015,5,CS,60,2009.0,No,,
1015,6,AM,60,2026.0,,,
5022,1,CE,30,2009.0,No,,
5022,2,CS,60,2015.0,No,,
5022,3,EC,60,2009.0,No,,
5022,4,EE,60,2009.0,No,,
5022,5,ME,30,2009.0,No,,
5022,6,XC,30,2010.0,No,,
5022,7,XM,30,2010.0,No,,
5022,8,IT,60,2026.0,,,
1026,1,CS,60,2010.0,No,,
1026,2,EC,60,2010.0,No,,
1026,3,EE,60,2010.0,No,,
1026,4,ME,60,2010.0,No,,
1026,5,SC,60,2026.0,,,
4023,1,CE,60,2009.0,No,,
4023,2,ME,60,2009.0,No,,
4023,3,CS,120,2009.0,No,,
4023,4,EC,60,2009.0,No,,
4023,5,EE,60,2015.0,No,,
4023,6,IT,60,2014.0,No,,
4023,7,XC,30,2010.0,No,,
4023,8,XM,30,2010.0,No,,
3019,1,CE,30,2008.0,No,,
3019,2,XC,30,2010.0,No,,
3019,3,CS,60,2008.0,No,,
3019,4,EE,60,2009.0,No,,
3019,5,EC,60,2008.0,No,,
3019,6,ME,30,2008.0,No,,
3019,7,XM,30,2010.0,No,,
3019,8,AM,60,2025.0,No,,
3021,1,CE,60,2009.0,No,,
3021,2,CS,60,2015.0,No,,
3021,3,EC,60,2009.0,No,,
3021,4,EE,30,2009.0,No,,
3021,5,ME,30,2009.0,No,,
3021,6,XC,30,2009.0,No,,
3021,7,XM,30,2009.0,No,,
3021,8,AM,30,2026.0,,,Subject to Anna University approval
5017,1,CE,30,2008.0,No,,
5017,2,ME,30,2008.0,No,,
5017,3,EC,60,2008.0,No,,
5017,4,CS,60,2008.0,No,,
5017,5,XC,30,2010.0,No,,
5017,6,XM,30,2010.0,No,,
5017,7,EF,30,2024.0,No,,
3018,1,CS,90,2008.0,No,,
3018,2,EC,60,2008.0,No,,
3018,3,EE,30,2009.0,No,,
3018,4,CE,30,2008.0,No,,
3018,5,ME,30,2008.0,No,,
3018,6,AD,30,2025.0,No,,
3018,7,EX,30,2025.0,No,,
3018,8,XC,30,2010.0,No,,
3018,9,XM,30,2010.0,No,,
1014,1,CE,30,2008.0,No,,
1014,2,CS,60,2008.0,No,,
1014,3,EC,60,2008.0,No,,
1014,4,IT,60,2008.0,No,,
1014,5,XC,30,2010.0,No,,
1014,6,EF,30,2025.0,No,,
1014,7,CA,30,2026.0,,,
3011,1,AM,60,2024.0,No,,
3011,2,CF,60,2024.0,No,,
3011,3,EV,60,2024.0,No,,
3011,4,BT,60,1999.0,No,,
3011,5,CE,60,2008.0,No,,
3011,6,CS,60,2006.0,No,,
3011,7,EC,60,2006.0,No,,
3011,8,EE,60,2007.0,No,,
3011,9,IT,60,1999.0,No,,
3011,10,ME,60,2008.0,No,,
3011,11,PC,60,1999.0,No,,
3011,12,PH,60,1999.0,No,,
3011,13,XC,60,2010.0,No,,
3011,14,XM,60,2010.0,No,,
3011,15,MB,60,2024.0,No,,
3011,16,EF,60,2024.0,No,,
3011,17,CK,60,2024.0,No,,
3011,18,MJ,60,2024.0,No,,
1013,1,CS,60,2008.0,No,,
1013,2,EC,60,2008.0,No,,
1013,3,IT,60,2008.0,No,,
1013,4,ME,60,2008.0,No,,
1013,5,XM,30,2010.0,No,,
1013,6,SC,60,2025.0,No,,
1013,7,AM,60,2026.0,,,
2,1,AP,35,2007.0,No,,
2,2,CH,70,1944.0,No,,
2,3,CL,70,2012.0,No,,
2,4,CR,60,1996.0,No,,
2,5,FS,45,2004.0,No,,
2,6,IB,40,1992.0,No,,
2,7,IS,30,2004.0,No,,
2,8,LE,60,1945.0,No,,
2,9,PP,60,2013.0,No,,
2,10,TX,60,1945.0,No,,
2,11,PM,60,2004.0,No,,
1,1,BY,70,2008.0,Yes,2031,
1,2,CE,70,1859.0,Yes,2028,
1,3,CS,70,1982.0,Yes,2029,
1,4,CM,140,2006.0,Yes,2029,
1,5,EC,70,1946.0,Yes,2029,
1,6,EM,70,2006.0,Yes,2029,
1,7,EE,70,1930.0,Yes,2028,
1,8,GI,70,1993.0,Yes,2028,
1,9,IE,70,1981.0,Yes,2028,
1,10,IM,140,2006.0,Yes,2026,
1,11,MA,35,2006.0,Yes,2031,
1,12,MI,35,1987.0,No,,
1,13,MN,70,1980.0,Yes,2028,
1,14,ME,140,1895.0,Yes,2029,
1,15,XM,35,2010.0,Yes,2029,
1,16,XC,35,2010.0,Yes,2028,
1,17,PT,70,1983.0,No,,
1,18,EL,70,2024.0,No,,
4,1,AT,70,2022.0,No,,
4,2,AE,70,1949.0,No,,
4,3,AU,70,1949.0,No,,
4,4,CS,70,2001.0,Yes,2026,
4,5,CM,70,2008.0,Yes,2026,
4,6,EC,70,1949.0,Yes,2029,
4,7,EM,70,2002.0,Yes,2029,
4,8,EI,70,1949.0,Yes,2028,
4,9,IM,140,2002.0,Yes,2026,
4,10,PR,70,1977.0,Yes,2026,
4,11,RA,35,2022.0,No,,
4,12,RP,70,1988.0,Yes,2029,
4024,1,CE,60,2009.0,No,,
4024,2,EC,60,2009.0,No,,
4024,3,EE,60,2009.0,No,,
4024,4,ME,30,2009.0,No,,
4024,5,XC,30,2010.0,No,,
4024,6,XM,30,2010.0,No,,
4024,7,CS,30,2025.0,No,,
4941,1,SC,60,2024.0,No,,
4941,2,AD,60,2024.0,No,,
4941,3,CS,60,2009.0,No,,
4941,4,EE,60,2009.0,No,,
4941,5,EC,60,2009.0,No,,
1421,1,IT,120,2024.0,No,,
1421,2,CE,60,2004.0,No,,
1421,3,CS,120,1994.0,No,,
1421,4,EC,60,1994.0,No,,
1421,5,EE,60,2001.0,No,,
1421,6,ME,60,1994.0,No,,
1421,7,AD,60,2026.0,,,
2658,1,CE,30,2009.0,No,,
2658,2,BM,60,2023.0,No,,
2658,3,CS,60,2012.0,No,,
2658,4,EC,60,2009.0,No,,
2658,5,EE,30,2009.0,No,,
2658,6,IT,60,2023.0,No,,
2658,7,ME,30,2009.0,No,,
2658,8,AD,30,2026.0,,,
2357,1,AD,300,2021.0,No,,
2357,2,CS,420,2012.0,Yes,2028,
2357,3,EC,360,2012.0,Yes,2026,
2357,4,EE,60,2012.0,Yes,2026,
2357,5,IT,120,2019.0,Yes,2028,
2357,6,ME,30,2012.0,Yes,2028,
2357,7,AM,120,2024.0,No,,
2622,1,CE,30,2011.0,Yes,2028,
2622,2,CB,60,2022.0,No,,
2622,3,AM,120,2023.0,No,,
2622,4,CS,360,2002.0,Yes,2028,
2622,5,EC,540,2002.0,Yes,2028,
2622,6,EE,60,2002.0,Yes,2028,
2622,7,IT,180,2007.0,Yes,2028,
2622,8,ME,60,2002.0,Yes,2028,
2622,9,CO,60,2022.0,No,,
2622,10,AD,240,2021.0,No,,
4864,1,AD,60,2024.0,No,,
4864,2,CS,120,2010.0,No,,
4864,3,EC,90,2010.0,No,,
4864,4,EE,30,2010.0,No,,
4864,5,ME,30,2010.0,Yes,2027,
5532,1,CE,60,2012.0,No,,
5532,2,CS,60,2012.0,No,,
5532,3,EE,60,2012.0,No,,
5532,4,EC,60,2012.0,No,,
5532,5,ME,60,2012.0,No,,
3848,1,CE,30,2010.0,No,,
3848,2,ME,60,2009.0,No,,
3848,3,EE,30,2009.0,No,,
3848,4,EC,30,2009.0,No,,
3848,5,CS,60,2010.0,No,,
3848,6,IT,60,2024.0,No,,
3848,7,AD,60,2024.0,No,,
2641,1,CE,30,2009.0,No,,
2641,2,CS,90,2008.0,No,,
2641,3,EC,120,2008.0,No,,
2641,4,EE,30,2008.0,No,,
2641,5,ME,30,2009.0,No,,
2641,6,IT,90,2022.0,No,,
2641,7,AD,90,2022.0,No,,
1122,1,AD,180,2020.0,No,,
1122,2,AM,120,2022.0,No,,
1122,3,BT,60,2006.0,Yes,2025,
1122,4,CH,60,2002.0,Yes,2025,
1122,5,CS,180,2005.0,No,,
1122,6,CE,30,2002.0,No,,
1122,7,ME,60,2009.0,No,,
1122,8,IT,120,2006.0,Yes,2026,
1122,9,EC,120,2002.0,Yes,2026,
1118,1,BM,60,2007.0,Yes,2026,
1118,2,CS,240,2000.0,Yes,2028,
1118,3,EC,120,2000.0,Yes,2028,
1118,4,EE,60,2001.0,Yes,2026,
1118,5,ME,60,2004.0,Yes,2026,
1118,6,IT,120,2000.0,Yes,2026,
1118,7,AD,120,2020.0,No,,
1118,8,CB,60,2020.0,No,,
1118,9,SC,60,2024.0,No,,
2723,1,BM,120,2005.0,Yes,2028,
2723,2,EE,60,2001.0,Yes,2028,
2723,3,EC,180,2001.0,Yes,2028,
2723,4,ME,60,2012.0,Yes,2026,
2723,5,MD,60,2018.0,No,,
2723,6,IT,180,2002.0,Yes,2028,
2723,7,AM,60,2023.0,No,,
2723,8,CS,180,2001.0,Yes,2028,
2723,9,AD,120,2022.0,No,,
2723,10,CE,60,2012.0,No,,
2723,11,SC,60,2026.0,,,
5986,1,AD,120,2023.0,No,,
5986,2,CS,240,2007.0,Yes,2025,
5986,3,EE,60,2007.0,Yes,2025,
5986,4,IT,180,2007.0,Yes,2025,
5986,5,ME,60,2008.0,Yes,2025,
5986,6,EC,60,2007.0,Yes,2025,
5986,7,EV,60,2024.0,No,,
5986,8,SC,60,2024.0,No,,
5986,9,CE,60,2011.0,Yes,2026,
1120,1,AD,180,2020.0,No,,
1120,2,AU,30,2012.0,No,,
1120,3,CE,30,2007.0,No,,
1120,4,CS,240,1995.0,Yes,2028,
1120,5,EC,240,1995.0,Yes,2028,
1120,6,EE,60,1995.0,Yes,2028,
1120,7,EI,30,2002.0,Yes,2028,
1120,8,IT,120,1999.0,Yes,2028,
1120,9,ME,60,1999.0,Yes,2028,
1120,10,SC,120,2023.0,No,,
1237,1,AD,120,2020.0,No,,
1237,2,CS,240,2008.0,Yes,2025,
1237,3,EC,120,2008.0,Yes,2025,
1237,4,EE,30,2008.0,No,,
1237,5,IT,90,2008.0,Yes,2025,
1237,6,ME,30,2011.0,No,,
1237,7,MZ,30,2020.0,No,,
2633,1,AD,60,2023.0,No,,
2633,2,SC,30,2023.0,No,,
2633,3,CS,60,2007.0,No,,
2633,4,EC,120,2007.0,No,,
2633,5,EE,60,2007.0,No,,
2633,6,ME,30,2009.0,No,,
2633,7,AI,30,2026.0,,,
4982,1,AD,60,2023.0,No,,
4982,2,AM,30,2023.0,No,,
4982,3,CS,60,2004.0,No,,
4982,4,EC,60,2004.0,No,,
4982,5,EE,30,2004.0,No,,
4982,6,CE,30,2013.0,No,,
4982,7,ME,30,2004.0,No,,
4982,8,SC,30,2023.0,No,,
4982,9,IT,30,2025.0,No,,
4982,10,BM,60,2026.0,,,
2368,1,CE,60,2013.0,No,,
2368,2,CS,60,2013.0,No,,
2368,3,EE,30,2013.0,No,,
2368,4,EC,60,2013.0,No,,
2368,5,ME,60,2013.0,No,,
2620,1,CS,240,2001.0,Yes,2028,
2620,2,IT,180,2001.0,Yes,2028,
2620,3,EC,180,2001.0,Yes,2026,
2620,4,EE,60,2002.0,Yes,2028,
2620,5,BT,60,2002.0,Yes,2028,
2620,6,BM,60,2020.0,No,,
2620,7,AD,120,2023.0,No,,
2620,8,CE,30,2010.0,No,,
2620,9,AG,30,2022.0,No,,
2620,10,AL,120,2025.0,No,,
