sl_no,tnea_code,college_name,district,total_appeared,total_passed,pass_percentage,pdf_page,sem1_appeared,sem1_passed,sem3_appeared,sem3_passed,sem5_appeared,sem5_passed,sem7_appeared,sem7_passed,sem9_appeared,sem9_passed
1,1217,SREE SASTHA INSTITUTE OF ENGINEERING AND TECHNOLOGY,KANCHEEPURAM,500,243,48.6,1,120.0,22.0,122.0,60.0,162.0,99.0,94.0,62.0,2.0,0.0
1,5012,CENTRAL ELECTROCHEMICAL RESEARCH INSTITUTE (CSIR) KARAIKUDI,SIVAGANGAI,164,146,89.02,2,40.0,34.0,42.0,34.0,43.0,42.0,39.0,36.0,,
2,4944,ARUNACHALA COLLEGE OF ENGINEERING FOR WOMEN,KANYAKUMARI,2118,1791,84.56,2,646.0,443.0,647.0,565.0,436.0,404.0,389.0,379.0,,
3,2343,INDIAN INSTITUTE OF HANDLOOM TECHNOLOGY,SALEM,186,154,82.8,2,32.0,16.0,55.0,48.0,49.0,48.0,50.0,42.0,,
4,1520,KINGSTON ENGINEERING COLLEGE,VELLORE,1347,1086,80.62,2,381.0,243.0,303.0,232.0,343.0,300.0,320.0,311.0,,
5,4974,GOVERNMENT COLLEGE OF ENGINEERING - THIRUNELVELI,THIRUNELVELI,1889,1507,79.78,2,510.0,357.0,460.0,344.0,458.0,390.0,461.0,416.0,,
6,1237,VELAMMAL INSTITUTE OF TECHNOLOGY,THIRUVALLUR,2378,1889,79.44,2,658.0,409.0,585.0,445.0,627.0,551.0,508.0,484.0,,
7,4678,RAMCO INSTITUTE OF TECHNOLOGY,VIRUDHUNAGAR,2742,2135,77.86,2,747.0,460.0,719.0,550.0,663.0,553.0,613.0,572.0,,
8,2630,CHETTINAD COLLEGE OF ENGINEERING AND TECHNOLOGY,KARUR,1098,803,73.13,2,334.0,169.0,294.0,220.0,238.0,202.0,232.0,212.0,,
9,1137,ANNAI MIRA COLLEGE OF ENGINEERING AND TECHNOLOGY,RANIPET,1439,1051,73.04,2,467.0,259.0,425.0,292.0,328.0,287.0,219.0,213.0,,
10,1424,DHAANISH AHMED COLLEGE OF ENGINEERING,KANCHEEPURAM,1519,1106,72.81,2,500.0,302.0,368.0,234.0,350.0,312.0,301.0,258.0,,
11,1436,A.R. ENGINEERING COLLEGE,VILLUPURAM,205,142,69.27,2,42.0,16.0,52.0,36.0,60.0,51.0,51.0,39.0,,
12,2709,"GOVERNMENT COLLEGE OF ENGINEERING, ERODE",ERODE,1659,1142,68.84,2,429.0,242.0,425.0,267.0,398.0,299.0,407.0,334.0,,
13,1401,ADHIPARASAKTHI ENGINEERING COLLEGE,CHENGALPATTU,1232,847,68.75,2,360.0,161.0,303.0,207.0,315.0,259.0,254.0,220.0,,
14,3852,SRI BHARATHI ENGINEERING COLLEGE FOR WOMEN,PUDUKKOTTAI,497,341,68.61,2,147.0,56.0,125.0,80.0,113.0,99.0,112.0,106.0,,
15,2752,NANDHA COLLEGE OF TECHNOLOGY,ERODE,1376,940,68.31,2,425.0,184.0,333.0,208.0,339.0,288.0,279.0,260.0,,
16,1026,"UNIVERSITY COLLEGE OF ENGINEERING, KANCHIPURAM",KANCHEEPURAM,894,608,68.01,3,206.0,133.0,227.0,119.0,228.0,158.0,233.0,198.0,,
17,4023,"UNIVERSITY COLLEGE OF ENGINEERING, NAGERCOIL",KANYAKUMARI,1624,1075,66.19,3,425.0,207.0,409.0,219.0,417.0,313.0,373.0,336.0,,
18,5842,SRM MADURAI COLLEGE FOR ENGINEERING AND TECHNOLOGY,SIVAGANGAI,1588,1043,65.68,3,593.0,338.0,601.0,373.0,390.0,329.0,4.0,3.0,,
19,3803,ANJALAI AMMAL MAHALINGAM ENGINEERING COLLEGE,THIRUVARUR,1707,1106,64.79,3,503.0,233.0,436.0,244.0,393.0,293.0,375.0,336.0,,
20,1516,THANTHAI PERIYAR GOVT INSTITUTE OF TECHNOLOGY,VELLORE,1639,1055,64.37,3,384.0,198.0,427.0,215.0,400.0,287.0,428.0,355.0,,
21,2025,"ANNA UNIVERSITY REGIONAL CAMPUS, COIMBATORE",COIMBATORE,1295,833,64.32,3,321.0,188.0,353.0,180.0,315.0,224.0,306.0,241.0,,
22,1605,IDHAYA ENGINEERING COLLEGE FOR WOMEN,KALLAKURICHI,680,436,64.12,3,165.0,27.0,170.0,105.0,209.0,178.0,136.0,126.0,,
23,4020,"ANNA UNIVERSITY REGIONAL CAMPUS, TIRUNELVELI",THIRUNELVELI,941,602,63.97,3,256.0,145.0,242.0,132.0,241.0,159.0,202.0,166.0,,
24,5865,NADAR SARASWATHI COLLEGE OF ENGINEERING AND TECHNOLOGY,THENI,1100,702,63.82,3,369.0,137.0,281.0,174.0,210.0,176.0,240.0,215.0,,
25,1412,MAILAM ENGINEERING COLLEGE,VILLUPURAM,3290,2097,63.74,3,957.0,321.0,927.0,572.0,728.0,592.0,678.0,612.0,,
26,1321,CENTRAL INSTITUTE OF PETROCHEMICALS ENGINEERING AND TECHNOLOGY,CHENNAI,507,321,63.31,3,114.0,68.0,131.0,70.0,132.0,82.0,130.0,101.0,,
27,4680,AAA COLLEGE OF ENGINEERING & TECHNOLOGY,VIRUDHUNAGAR,2024,1271,62.8,3,656.0,275.0,591.0,364.0,512.0,421.0,265.0,211.0,,
28,4954,DR.SIVANTHI ADITANAR COLLEGE OF ENGINEERING,TUTICORIN,925,580,62.7,3,283.0,120.0,244.0,151.0,227.0,167.0,171.0,142.0,,
29,1325,ST. JOSEPH COLLEGE OF ENGINEERING,KANCHEEPURAM,1449,896,61.84,3,534.0,223.0,348.0,215.0,325.0,260.0,242.0,198.0,,
30,1310,MISRIMAL NAVAJEE MUNOTH JAIN ENGINEERING COLLEGE,CHENGALPATTU,970,595,61.34,3,260.0,95.0,236.0,137.0,248.0,166.0,226.0,197.0,,
31,1505,C.ABDUL HAKEEM COLLEGE OF ENGINEERING AND TECHNOLOGY,RANIPET,1608,986,61.32,4,493.0,211.0,390.0,224.0,380.0,274.0,345.0,277.0,,
32,4980,EINSTEIN COLLEGE OF ENGINEERING,THIRUNELVELI,1073,656,61.14,4,355.0,147.0,277.0,132.0,219.0,175.0,222.0,202.0,,
33,1501,ADHIPARASAKTHI COLLEGE OF ENGINEERING,RANIPET,990,604,61.01,4,326.0,121.0,284.0,157.0,215.0,169.0,165.0,157.0,,
34,3804,ARASU ENGINEERING COLLEGE,THANJAVUR,1358,822,60.53,4,398.0,123.0,332.0,186.0,328.0,249.0,300.0,264.0,,
35,2369,"GOVERNMENT COLLEGE OF ENGINEERING, DHARMAPURI",DHARMAPURI,1100,665,60.45,4,296.0,169.0,273.0,135.0,280.0,189.0,251.0,172.0,,
36,1411,MADHA ENGINEERING COLLEGE,KANCHEEPURAM,676,408,60.36,4,156.0,51.0,137.0,84.0,175.0,122.0,208.0,151.0,,
37,3464,"GOVERNMENT COLLEGE OF ENGINEERING, THANJAVUR",THANJAVUR,1139,687,60.32,4,286.0,156.0,298.0,160.0,284.0,157.0,271.0,214.0,,
38,1233,ADHI COLLEGE OF ENGINEERING AND TECHNOLOGY,KANCHEEPURAM,1246,750,60.19,4,398.0,138.0,310.0,165.0,273.0,228.0,265.0,219.0,,
39,3801,A.V.C COLLEGE OF ENGINEERING,MAYILADUTHURAI,1579,945,59.85,4,439.0,160.0,454.0,247.0,404.0,290.0,282.0,248.0,,
40,5010,"ANNA UNIVERSITY REGIONAL CAMPUS, MADURAI",MADURAI,1130,676,59.82,4,286.0,154.0,304.0,145.0,275.0,170.0,265.0,207.0,,
41,1013,"UNIVERSITY COLLEGE OF ENGINEERING, VILLUPURAM",VILLUPURAM,916,546,59.61,4,221.0,79.0,231.0,99.0,227.0,158.0,237.0,210.0,,
42,3425,C.K. COLLEGE OF ENGINEERING & TECHNOLOGY,CUDDALORE,1440,854,59.31,4,413.0,121.0,406.0,226.0,303.0,224.0,318.0,283.0,,
43,1420,TAGORE ENGINEERING COLLEGE,CHENGALPATTU,1301,771,59.26,4,372.0,133.0,330.0,200.0,332.0,236.0,267.0,202.0,,
44,2628,PAAVAI COLLEGE OF ENGINEERING,NAMAKKAL,1784,1038,58.18,4,552.0,167.0,488.0,244.0,395.0,323.0,349.0,304.0,,
45,4981,PONJESLY COLLEGE OF ENGINEERING,KANYAKUMARI,1906,1081,56.72,4,612.0,235.0,529.0,283.0,393.0,270.0,372.0,293.0,,
46,1306,JEPPIAAR ENGINEERING COLLEGE,CHENGALPATTU,2281,1288,56.47,5,690.0,254.0,615.0,303.0,474.0,311.0,502.0,420.0,,
47,4676,RENGANAYAGI VARATHARAJ COLLEGE OF ENGINEERING,VIRUDHUNAGAR,679,383,56.41,5,222.0,62.0,242.0,137.0,123.0,104.0,92.0,80.0,,
48,1015,"UNIVERSITY COLLEGE OF ENGINEERING, ARNI",THIRUVANNAMALAI,636,358,56.29,5,162.0,72.0,188.0,78.0,140.0,86.0,146.0,122.0,,
49,1014,"UNIVERSITY COLLEGE OF ENGINEERING, TINDIVANAM",VILLUPURAM,843,471,55.87,5,226.0,59.0,210.0,108.0,211.0,139.0,196.0,165.0,,
50,1507,GANADIPATHY TULSI'S JAIN ENGINEERING COLLEGE,VELLORE,1092,610,55.86,5,338.0,97.0,295.0,143.0,262.0,200.0,197.0,170.0,,
51,4931,GRACE COLLEGE OF ENGINEERING,TUTICORIN,654,364,55.66,5,192.0,60.0,165.0,91.0,133.0,80.0,164.0,133.0,,
52,2643,BHARATHIYAR INSTITUTE OF ENGINEERING FOR WOMEN,SALEM,1266,703,55.53,5,446.0,82.0,344.0,206.0,247.0,215.0,229.0,200.0,,
53,4993,LOYOLA INSTITUTE OF TECHNOLOGY AND SCIENCE,KANYAKUMARI,1422,788,55.41,5,384.0,110.0,338.0,147.0,358.0,258.0,342.0,273.0,,
54,3454,SRI RAMAKRISHNA COLLEGE OF ENGINEERING,PERAMBALUR,873,480,54.98,5,308.0,50.0,187.0,103.0,197.0,173.0,181.0,154.0,,
55,1405,DHANALAKSHMI COLLEGE OF ENGINEERING,KANCHEEPURAM,1664,909,54.63,5,658.0,242.0,434.0,236.0,292.0,215.0,280.0,216.0,,
56,4969,SCAD COLLEGE OF ENGINEERING AND TECHNOLOGY,THIRUNELVELI,1123,610,54.32,5,310.0,92.0,281.0,120.0,302.0,203.0,230.0,195.0,,
57,4864,V V COLLEGE OF ENGINEERING,TUTICORIN,1052,560,53.23,5,312.0,86.0,271.0,145.0,243.0,138.0,226.0,191.0,,
58,3822,TITTAGUDI SENGUNTHAR ENGINEERING COLLEGE,CUDDALORE,271,142,52.4,5,97.0,19.0,75.0,44.0,62.0,47.0,37.0,32.0,,
59,3465,"GOVERNMENT COLLEGE OF ENGINEERING, SRIRANGAM",TIRUCHIRAPPALLI,1165,609,52.27,5,304.0,121.0,301.0,133.0,289.0,164.0,271.0,191.0,,
60,5009,GOVERNMENT COLLEGE OF ENGINEERING,THENI,1070,556,51.96,5,289.0,131.0,279.0,103.0,267.0,151.0,235.0,171.0,,
61,3760,SIR ISSAC NEWTON COLLEGE OF ENGINEERING AND TECHNOLOGY,NAGAPATTINAM,1287,667,51.83,6,403.0,86.0,355.0,153.0,261.0,217.0,268.0,211.0,,
62,5536,MANGAYARKARASI COLLEGE OF ENGINEERING,MADURAI,1193,617,51.72,6,347.0,117.0,315.0,118.0,283.0,201.0,248.0,181.0,,
63,1409,KARPAGA VINAYAGA COLLEGE OF ENGINEERING AND TECHNOLOGY,CHENGALPATTU,1702,877,51.53,6,502.0,121.0,445.0,183.0,405.0,286.0,350.0,287.0,,
64,2733,ANGEL COLLEGE OF ENGINEERING AND TECHNOLOGY,TIRUPPUR,216,111,51.39,6,40.0,1.0,23.0,9.0,60.0,29.0,93.0,72.0,,
65,2349,DHAANISH AHMED INSTITUTE OF TECHNOLOGY,COIMBATORE,886,452,51.02,6,343.0,136.0,200.0,72.0,156.0,99.0,187.0,145.0,,
66,3410,KRISHNASAMY COLLEGE OF ENGINEERING AND TECHNOLOGY,CUDDALORE,1217,620,50.94,6,368.0,75.0,322.0,180.0,295.0,195.0,232.0,170.0,,
67,4996,SRI VIDYA COLLEGE OF ENGINEERING & TECHNOLOGY,VIRUDHUNAGAR,381,192,50.39,6,61.0,16.0,103.0,37.0,139.0,83.0,78.0,56.0,,
68,3843,M R K INSTITUTE OF TECHNOLOGY,CUDDALORE,1530,763,49.87,6,529.0,108.0,374.0,180.0,328.0,210.0,299.0,265.0,,
69,1226,P.T. LEE CHENGALVARAYA NAICKER COLLEGE OF ENGINEERING AND TECHNOLOGY,KANCHEEPURAM,1386,690,49.78,6,427.0,133.0,381.0,147.0,312.0,212.0,266.0,198.0,,
70,1222,P.B. COLLEGE OF ENGINEERING,KANCHEEPURAM,493,244,49.49,6,118.0,27.0,94.0,42.0,111.0,61.0,170.0,114.0,,
71,4928,MAR EPHRAEM COLLEGE OF ENGINEERING AND TECHNOLOGY,KANYAKUMARI,1408,696,49.43,6,452.0,122.0,339.0,179.0,345.0,204.0,272.0,191.0,,
72,4933,ST.MOTHER THERESA ENGINEERING COLLEGE,TUTICORIN,701,344,49.07,6,195.0,61.0,182.0,86.0,184.0,99.0,140.0,98.0,,
73,4024,"UNIVERSITY COLLEGE OF ENGINEERING, THOOTHUKUDI",TUTICORIN,718,349,48.61,6,242.0,111.0,193.0,66.0,172.0,93.0,111.0,79.0,,
74,3807,J.J.COLLEGE OF ENGINEERING AND TECHNOLOGY,TIRUCHIRAPPALLI,2527,1228,48.6,6,820.0,265.0,635.0,259.0,554.0,345.0,518.0,359.0,,
75,1228,ALPHA COLLEGE OF ENGINEERING,THIRUVALLUR,552,268,48.55,6,144.0,42.0,124.0,54.0,159.0,82.0,125.0,90.0,,
76,1523,GLOBAL INSTITUTE OF ENGINEERING AND TECHNOLOGY,RANIPET,1241,602,48.51,7,432.0,122.0,271.0,105.0,265.0,160.0,273.0,215.0,,
77,1441,A K T MEMORIAL COLLEGE OF ENGINEERING AND TECHNOLOGY,KALLAKURICHI,1323,640,48.37,7,419.0,70.0,352.0,187.0,302.0,209.0,250.0,174.0,,
78,3011,"UNIVERSITY COLLEGE OF ENGINEERING, TIRUCHIRAPPALLI (BIT CAMPUS)",TIRUCHIRAPPALLI,3824,1842,48.17,7,958.0,368.0,1003.0,344.0,994.0,556.0,869.0,574.0,,
79,4952,C.S.I. INSTITUTE OF TECHNOLOGY,KANYAKUMARI,635,304,47.87,7,120.0,30.0,160.0,54.0,190.0,105.0,165.0,115.0,,
80,4957,JAYARAJ ANNAPACKIAM CSI COLLEGE OF ENGINEERING,TUTICORIN,1208,578,47.85,7,334.0,56.0,329.0,139.0,282.0,175.0,263.0,208.0,,
81,4677,ARUNACHALA HITECH ENGINEERING COLLEGE,KANYAKUMARI,774,367,47.42,7,354.0,155.0,311.0,150.0,47.0,26.0,62.0,36.0,,
82,1218,SRI MUTHUKUMARAN INSTITUTE OF TECHNOLOGY,KANCHEEPURAM,1107,524,47.34,7,471.0,156.0,181.0,89.0,223.0,136.0,232.0,143.0,,
83,1423,ASAN MEMORIAL COLLEGE OF ENGINEERING AND TECHNOLOGY,CHENGALPATTU,508,240,47.24,7,198.0,31.0,99.0,50.0,173.0,129.0,38.0,30.0,,
84,4934,HOLY CROSS ENGINEERING COLLEGE,TUTICORIN,856,404,47.2,7,222.0,65.0,232.0,99.0,195.0,102.0,207.0,138.0,,
85,3918,SHANMUGANATHAN ENGINEERING COLLEGE,PUDUKKOTTAI,668,313,46.86,7,231.0,61.0,222.0,85.0,94.0,64.0,121.0,103.0,,
86,2636,A V S ENGINEERING COLLEGE,SALEM,2691,1231,45.75,7,911.0,216.0,756.0,308.0,511.0,321.0,513.0,386.0,,
87,4982,VINS CHRISTIAN COLLEGE OF ENGINEERING,KANYAKUMARI,274,125,45.62,7,86.0,15.0,75.0,22.0,61.0,45.0,52.0,43.0,,
88,1106,JAYA ENGINEERING COLLEGE,THIRUVALLUR,1236,559,45.23,7,314.0,54.0,273.0,96.0,281.0,184.0,368.0,225.0,,
89,5532,VAIGAI COLLEGE OF ENGINEERING,MADURAI,415,187,45.06,7,105.0,19.0,84.0,25.0,103.0,55.0,123.0,88.0,,
90,2327,N.S.N. COLLEGE OF ENGINEERING AND TECHNOLOGY,KARUR,1127,507,44.99,7,361.0,60.0,321.0,132.0,273.0,185.0,172.0,130.0,,
91,3795,SRM TRP ENGINEERING COLLEGE,TIRUCHIRAPPALLI,2679,1196,44.64,8,915.0,285.0,650.0,222.0,534.0,315.0,580.0,374.0,,
92,2705,CSI COLLEGE OF ENGINEERING,THE NILGIRIS,823,363,44.11,8,229.0,45.0,210.0,82.0,226.0,117.0,158.0,119.0,,
93,2763,AKSHAYA COLLEGE OF ENGINEERING & TECHNOLOGY,COIMBATORE,1234,542,43.92,8,372.0,67.0,303.0,117.0,322.0,172.0,237.0,186.0,,
94,2635,CMS COLLEGE OF ENGINEERING,NAMAKKAL,1071,470,43.88,8,423.0,74.0,244.0,93.0,225.0,161.0,179.0,142.0,,
95,1225,LOYOLA INSTITUTE OF TECHNOLOGY,KANCHEEPURAM,1352,592,43.79,8,534.0,147.0,287.0,138.0,290.0,165.0,241.0,142.0,,
96,3461,ARIFA INSTITUTE OF TECHNOLOGY,NAGAPATTINAM,632,275,43.51,8,201.0,30.0,164.0,48.0,153.0,103.0,114.0,94.0,,
97,1513,SRI BALAJI CHOCKALINGAM ENGINEERING COLLEGE,THIRUVANNAMALAI,693,301,43.43,8,231.0,44.0,165.0,67.0,137.0,68.0,160.0,122.0,,
98,1428,E.S. COLLEGE OF ENGINEERING AND TECHNOLOGY,VILLUPURAM,373,162,43.43,8,192.0,28.0,112.0,68.0,47.0,45.0,22.0,21.0,,
99,3825,ST.JOSEPH'S COLLEGE OF ENGINEERING AND TECHNOLOGY,THANJAVUR,1239,538,43.42,8,483.0,105.0,329.0,146.0,233.0,139.0,194.0,148.0,,
100,1519,BHARATHIDASAN ENGINEERING COLLEGE,TIRUPATTUR,1050,453,43.14,8,351.0,64.0,277.0,100.0,206.0,123.0,216.0,166.0,,
101,1241,T.J.S. ENGINEERING COLLEGE,THIRUVALLUR,1065,459,43.1,8,307.0,86.0,260.0,102.0,275.0,137.0,223.0,134.0,,
102,4932,IMMANUEL ARASAR J J COLLEGE OF ENGINEERING,KANYAKUMARI,209,90,43.06,8,87.0,41.0,59.0,23.0,44.0,24.0,19.0,2.0,,
103,4946,DMI ENGINEERING COLLEGE,KANYAKUMARI,941,404,42.93,8,364.0,83.0,251.0,112.0,188.0,109.0,138.0,100.0,,
104,1434,SURYA GROUP OF INSTITUTIONS,VILLUPURAM,880,376,42.73,8,258.0,33.0,211.0,75.0,217.0,133.0,194.0,135.0,,
105,1509,MEENAKSHI COLLEGE OF ENGINEERING,CHENNAI,1859,793,42.66,8,610.0,147.0,473.0,158.0,415.0,219.0,361.0,269.0,,
106,3019,"UNIVERSITY COLLEGE OF ENGINEERING, PANRUTI",CUDDALORE,945,402,42.54,9,249.0,57.0,242.0,71.0,234.0,106.0,220.0,168.0,,
107,2642,P.S.V.COLLEGE OF ENGINEERING AND TECHNOLOGY,KRISHNAGIRI,2060,875,42.48,9,740.0,168.0,571.0,192.0,415.0,262.0,334.0,253.0,,
108,4984,MARTHANDAM COLLEGE OF ENGINEERING AND TECHNOLOGY,KANYAKUMARI,459,194,42.27,9,119.0,21.0,102.0,33.0,127.0,68.0,111.0,72.0,,
109,4941,UNNAMALAI INSTITUTE OF TECHNOLOGY,TUTICORIN,546,229,41.94,9,196.0,44.0,106.0,41.0,123.0,67.0,121.0,77.0,,
110,5022,"UNIVERSITY COLLEGE OF ENGINEERING, DINDIGUL",DINDIGUL,725,304,41.93,9,222.0,53.0,187.0,65.0,162.0,83.0,154.0,103.0,,
111,1421,V.R.S. COLLEGE OF ENGINEERING AND TECHNOLOGY,VILLUPURAM,1261,523,41.48,9,417.0,77.0,327.0,137.0,269.0,156.0,248.0,153.0,,
112,3018,"UNIVERSITY COLLEGE OF ENGINEERING, THIRUKKUVALAI",NAGAPATTINAM,673,279,41.46,9,266.0,78.0,170.0,65.0,120.0,51.0,117.0,85.0,,
113,1115,SRIRAM ENGINEERING COLLEGE,THIRUVALLUR,500,207,41.4,9,167.0,31.0,108.0,38.0,128.0,71.0,97.0,67.0,,
114,2659,SALEM COLLEGE OF ENGINEERING AND TECHNOLOGY,SALEM,1293,533,41.22,9,300.0,41.0,316.0,85.0,348.0,170.0,329.0,237.0,,
115,2633,VIDYAA VIKAS COLLEGE OF ENGINEERING AND TECHNOLOGY,NAMAKKAL,461,190,41.21,9,97.0,13.0,167.0,45.0,81.0,45.0,116.0,87.0,,
116,1101,AALIM MUHAMMED SALEGH COLLEGE OF ENGINEERING,THIRUVALLUR,1465,599,40.89,9,473.0,117.0,371.0,131.0,322.0,163.0,299.0,188.0,,
117,4994,J P COLLEGE OF ENGINEERING,TENKASI,1288,524,40.68,9,422.0,57.0,345.0,109.0,296.0,184.0,225.0,174.0,,
118,3829,M.A.M. COLLEGE OF ENGINEERING AND TECHNOLOGY,TIRUCHIRAPPALLI,1431,580,40.53,9,357.0,49.0,353.0,108.0,351.0,187.0,370.0,236.0,,
119,2683,SHREENIVASA ENGINEERING COLLEGE,DHARMAPURI,1031,417,40.45,9,304.0,37.0,259.0,75.0,280.0,170.0,188.0,135.0,,
120,2713,M.P. NACHIMUTHU M. JAGANATHAN ENGINEERING COLLEGE,ERODE,854,341,39.93,9,282.0,42.0,195.0,61.0,184.0,90.0,193.0,148.0,,
121,2650,CHRIST THE KING ENGINEERING COLLEGE,COIMBATORE,1106,441,39.87,10,436.0,44.0,199.0,77.0,235.0,133.0,236.0,187.0,,
122,1319,THANGAVELU ENGINEERING COLLEGE,CHENGALPATTU,459,183,39.87,10,129.0,21.0,84.0,34.0,135.0,55.0,111.0,73.0,,
123,1416,JAYA SAKTHI ENGINEERING COLLEGE,THIRUVALLUR,534,212,39.7,10,137.0,18.0,145.0,52.0,145.0,84.0,107.0,58.0,,
124,3926,CHENDHURAN COLLEGE OF ENGINEERING AND TECHNOLOGY,PUDUKKOTTAI,857,340,39.67,10,249.0,17.0,211.0,72.0,229.0,114.0,168.0,137.0,,
125,2612,P G P COLLEGE OF ENGINEERING AND TECHNOLOGY,NAMAKKAL,880,348,39.55,10,364.0,29.0,220.0,96.0,164.0,114.0,132.0,109.0,,
126,2721,TAMILNADU COLLEGE OF ENGINEERING,COIMBATORE,720,283,39.31,10,238.0,39.0,147.0,48.0,155.0,74.0,180.0,122.0,,
127,5017,"UNIVERSITY COLLEGE OF ENGINEERING, RAMANATHAPURAM",RAMANATHAPURAM,505,198,39.21,10,187.0,47.0,145.0,51.0,103.0,48.0,70.0,52.0,,
128,1512,S.K.P. ENGINEERING COLLEGE,THIRUVANNAMALAI,1594,624,39.15,10,570.0,61.0,452.0,181.0,388.0,235.0,184.0,147.0,,
129,5919,ST.MICHAEL COLLEGE OF ENGINEERING & TECHNOLOGY,SIVAGANGAI,693,270,38.96,10,229.0,29.0,138.0,48.0,152.0,81.0,174.0,112.0,,
130,2367,ARJUN COLLEGE OF TECHNOLOGY,COIMBATORE,948,368,38.82,10,506.0,110.0,171.0,58.0,172.0,115.0,99.0,85.0,,
131,2753,PPG INSTITUTE OF TECHNOLOGY,COIMBATORE,1246,483,38.76,10,430.0,60.0,335.0,135.0,252.0,131.0,229.0,157.0,,
132,5935,FATIMA MICHAEL COLLEGE OF ENGINEERING AND TECHNOLOGY,MADURAI,704,272,38.64,10,278.0,58.0,143.0,31.0,162.0,102.0,121.0,81.0,,
133,4975,DR.G.U.POPE COLLEGE OF ENGINEERING,TUTICORIN,645,249,38.6,10,196.0,23.0,166.0,55.0,125.0,59.0,158.0,112.0,,
134,4938,SIVAJI COLLEGE OF ENGINEERING AND TECHNOLOGY,KANYAKUMARI,304,117,38.49,10,66.0,15.0,107.0,28.0,68.0,32.0,63.0,42.0,,
135,1123,GOJAN SCHOOL OF BUSINESS AND TECHNOLOGY,THIRUVALLUR,1301,500,38.43,10,420.0,69.0,337.0,99.0,281.0,155.0,263.0,177.0,,
136,4686,GOOD SHEPHERD COLLEGE OF ENGINEERING & TECHNOLOGY,KANYAKUMARI,326,124,38.04,11,51.0,17.0,100.0,37.0,78.0,33.0,97.0,37.0,,
137,2646,TAGORE INSTITUTE OF ENGINEERING AND TECHNOLOGY,SALEM,1244,469,37.7,11,461.0,60.0,283.0,75.0,225.0,130.0,275.0,204.0,,
138,4999,ANNAI VAILANKANNI COLLEGE OF ENGINEERING,KANYAKUMARI,767,289,37.68,11,240.0,42.0,195.0,62.0,189.0,91.0,143.0,94.0,,
139,1518,THIRUVALLUVAR COLLEGE OF ENGINEERING AND TECHNOLOGY,THIRUVANNAMALAI,810,304,37.53,11,246.0,17.0,247.0,77.0,175.0,108.0,142.0,102.0,,
140,3021,"UNIVERSITY COLLEGE OF ENGINEERING, PATTUKKOTTAI",THANJAVUR,598,221,36.96,11,204.0,63.0,154.0,50.0,149.0,58.0,91.0,50.0,,
141,5902,BHARATH NIKETAN ENGINEERING COLLEGE,THENI,787,290,36.85,11,169.0,14.0,196.0,50.0,247.0,113.0,175.0,113.0,,
142,3812,MOOKAMBIGAI COLLEGE OF ENGINEERING,PUDUKKOTTAI,1113,410,36.84,11,333.0,62.0,222.0,69.0,293.0,134.0,265.0,145.0,,
143,1525,PODHIGAI COLLEGE OF ENGINEERING AND TECHNOLOGY,TIRUPATTUR,498,183,36.75,11,204.0,19.0,81.0,27.0,117.0,70.0,96.0,67.0,,
144,1322,DHANALAKSHMI SRINIVASAN COLLEGE OF ENGINEERING AND TECHNOLOGY,CHENGALPATTU,2825,1032,36.53,11,1042.0,155.0,670.0,204.0,638.0,353.0,475.0,320.0,,
145,3456,K.S.K. COLLEGE OF ENGINEERING AND TECHNOLOGY,THANJAVUR,728,262,35.99,11,136.0,9.0,208.0,47.0,183.0,105.0,201.0,101.0,,
146,1243,ST LOURDES ENGINEERING COLLEGE,KANCHEEPURAM,248,89,35.89,11,66.0,10.0,57.0,12.0,37.0,22.0,88.0,45.0,,
147,2347,A V S COLLEGE OF TECHNOLOGY,SALEM,1733,621,35.83,11,617.0,110.0,467.0,111.0,319.0,151.0,330.0,249.0,,
148,1430,MAHA BARATHI ENGINEERING COLLEGE,KALLAKURICHI,1117,399,35.72,11,371.0,48.0,345.0,107.0,205.0,91.0,196.0,153.0,,
149,3860,ST.ANNE'S COLLEGE OF ENGINEERING AND TECHNOLOGY,CUDDALORE,650,232,35.69,11,209.0,12.0,149.0,50.0,146.0,87.0,146.0,83.0,,
150,4992,BETHLAHEM INSTITUTE OF ENGINEERING,KANYAKUMARI,802,286,35.66,11,331.0,49.0,153.0,61.0,173.0,78.0,145.0,98.0,,
151,1510,PRIYADARSHINI ENGINEERING COLLEGE,TIRUPATTUR,1087,385,35.42,12,348.0,44.0,296.0,94.0,224.0,110.0,219.0,137.0,,
152,2356,ARULMURUGAN COLLEGE OF ENGINEERING,KARUR,223,78,34.98,12,50.0,5.0,53.0,15.0,71.0,31.0,49.0,27.0,,
153,5988,THENI KAMMAVAR SANGAM COLLEGE OF TECHNOLOGY,THENI,919,319,34.71,12,291.0,39.0,226.0,62.0,232.0,113.0,170.0,105.0,,
154,3846,MOTHER TERASA COLLEGE OF ENGINEERING AND TECHNOLOGY,PUDUKKOTTAI,672,232,34.52,12,275.0,20.0,195.0,80.0,88.0,57.0,114.0,75.0,,
155,4977,NARAYANAGURU COLLEGE OF ENGINEERING,KANYAKUMARI,707,242,34.23,12,206.0,35.0,231.0,73.0,171.0,87.0,99.0,47.0,,
156,2768,PARK COLLEGE OF TECHNOLOGY,COIMBATORE,209,71,33.97,12,87.0,11.0,41.0,16.0,56.0,28.0,25.0,16.0,,
157,5990,LATHA MATHAVAN ENGINEERING COLLEGE,MADURAI,480,163,33.96,12,122.0,12.0,98.0,22.0,111.0,36.0,149.0,93.0,,
158,2360,SUGUNA COLLEGE OF ENGINEERING,COIMBATORE,1210,409,33.8,12,339.0,37.0,305.0,81.0,275.0,128.0,291.0,163.0,,
159,4968,SARDAR RAJA COLLEGE OF ENGINEERING,TENKASI,465,157,33.76,12,138.0,9.0,122.0,24.0,105.0,62.0,100.0,62.0,,
160,5912,PANDIAN SARASWATHI YADAV ENGINEERING COLLEGE,SIVAGANGAI,865,288,33.29,12,289.0,39.0,224.0,60.0,184.0,92.0,168.0,97.0,,
161,5502,SRI RAAJA RAAJAN COLLEGE OF ENGINEERING AND TECHNOLOGY,SIVAGANGAI,1070,355,33.18,12,305.0,47.0,288.0,72.0,251.0,116.0,226.0,120.0,,
162,4961,NELLAI COLLEGE OF ENGINEERING,THIRUNELVELI,471,155,32.91,12,119.0,17.0,137.0,29.0,110.0,39.0,105.0,70.0,,
163,2717,SASURIE COLLEGE OF ENGINEERING,TIRUPPUR,934,303,32.44,12,389.0,44.0,339.0,113.0,128.0,79.0,78.0,67.0,,
164,2732,INFO INSTITUTE OF ENGINEERING,COIMBATORE,875,281,32.11,12,282.0,30.0,202.0,39.0,239.0,109.0,152.0,103.0,,
165,1407,G.K.M. COLLEGE OF ENGINEERING AND TECHNOLOGY,CHENGALPATTU,606,193,31.85,12,226.0,33.0,156.0,58.0,139.0,65.0,85.0,37.0,,
166,4970,SREE SOWDAMBIKA COLLEGE OF ENGINEERING,VIRUDHUNAGAR,701,223,31.81,13,231.0,27.0,196.0,44.0,124.0,54.0,150.0,98.0,,
167,1426,SRI RAMANUJAR ENGINEERING COLLEGE,CHENGALPATTU,1314,417,31.74,13,349.0,61.0,438.0,108.0,272.0,140.0,255.0,108.0,,
168,5862,RVS SCHOOL OF ENGINEERING AND TECHNOLOGY,DINDIGUL,621,197,31.72,13,204.0,15.0,172.0,34.0,147.0,89.0,98.0,59.0,,
169,2346,SHREE SATHYAM COLLEGE OF ENGINEERING AND TECHNOLOGY,SALEM,617,195,31.6,13,187.0,13.0,185.0,44.0,158.0,78.0,87.0,60.0,,
170,4976,INFANT JESUS COLLEGE OF ENGINEERING,TUTICORIN,285,89,31.23,13,100.0,11.0,89.0,34.0,84.0,39.0,12.0,5.0,,
171,1230,APOLLO ENGINEERING COLLEGE,KANCHEEPURAM,521,162,31.09,13,151.0,14.0,140.0,32.0,142.0,58.0,88.0,58.0,,
172,2647,J.K.K. NATARAJA COLLEGE OF ENGINEERING AND TECHNOLOGY,NAMAKKAL,873,271,31.04,13,293.0,45.0,270.0,59.0,180.0,77.0,130.0,90.0,,
173,3817,ROEVER ENGINEERING COLLEGE,PERAMBALUR,1352,419,30.99,13,430.0,19.0,324.0,72.0,292.0,130.0,306.0,198.0,,
174,1133,ANNAI VEILANKANNI'S COLLEGE OF ENGINEERING,CHENGALPATTU,509,156,30.65,13,124.0,23.0,151.0,26.0,134.0,54.0,100.0,53.0,,
175,3821,A.R.J. COLLEGE OF ENGINEERING AND TECHNOLOGY,THIRUVARUR,848,259,30.54,13,292.0,24.0,210.0,58.0,210.0,99.0,136.0,78.0,,
176,3810,MAM COLLEGE OF ENGINEERING,TIRUCHIRAPPALLI,2330,709,30.43,13,806.0,65.0,596.0,110.0,466.0,206.0,462.0,328.0,,
177,1437,RRASE COLLEGE OF ENGINEERING,KANCHEEPURAM,967,294,30.4,13,238.0,24.0,267.0,69.0,258.0,104.0,204.0,97.0,,
178,5913,R.V.S. COLLEGE OF ENGINEERING,DINDIGUL,937,283,30.2,13,298.0,37.0,278.0,75.0,210.0,95.0,151.0,76.0,,
179,2640,JAYALAKSHMI INSTITUTE OF TECHNOLOGY,DHARMAPURI,1362,407,29.88,13,352.0,61.0,424.0,112.0,292.0,88.0,294.0,146.0,,
180,3820,TRICHY ENGINEERING COLLEGE,TIRUCHIRAPPALLI,519,155,29.87,13,112.0,26.0,176.0,40.0,145.0,58.0,86.0,31.0,,
181,4966,PET ENGINEERING COLLEGE,THIRUNELVELI,1073,320,29.82,14,299.0,34.0,293.0,52.0,268.0,113.0,213.0,121.0,,
182,1212,RAJIV GANDHI COLLEGE OF ENGINEERING,KANCHEEPURAM,626,185,29.55,14,202.0,35.0,82.0,38.0,180.0,59.0,162.0,53.0,,
183,5915,SACS M.A.V.M.M ENGINEERING COLLEGE,MADURAI,817,239,29.25,14,283.0,33.0,211.0,41.0,180.0,86.0,143.0,79.0,,
184,5703,CHRISTIAN COLLEGE OF ENGINEERING AND TECHNOLOGY,DINDIGUL,925,270,29.19,14,248.0,30.0,280.0,64.0,238.0,90.0,159.0,86.0,,
185,4967,S.VEERASAMY CHETTIAR COLLEGE OF ENGINEERING AND TECHNOLOGY,TENKASI,408,118,28.92,14,33.0,3.0,111.0,16.0,125.0,39.0,139.0,60.0,,
186,4675,UNIVERSAL COLLEGE OF ENGINEERING AND TECHNOLOGY,THIRUNELVELI,630,171,27.14,14,140.0,9.0,168.0,25.0,183.0,77.0,139.0,60.0,,
187,3920,SUDHARSAN ENGINEERING COLLEGE,PUDUKKOTTAI,797,215,26.98,14,294.0,36.0,165.0,32.0,196.0,77.0,142.0,70.0,,
188,4929,M.E.T. ENGINEERING COLLEGE,KANYAKUMARI,227,61,26.87,14,15.0,0.0,38.0,3.0,65.0,16.0,109.0,42.0,,
189,5533,KARAIKUDI INSTITUTE OF TECHNOLOGY AND KARAIKUDI INSTITUTE OF MANAGEMENT,SIVAGANGAI,164,44,26.83,14,27.0,6.0,51.0,13.0,39.0,8.0,47.0,17.0,,
190,2354,POLLACHI INSTITUTE OF ENGINEERING AND TECHNOLOGY,COIMBATORE,763,200,26.21,14,241.0,22.0,249.0,45.0,173.0,81.0,100.0,52.0,,
191,1517,THIRUMALAI ENGINEERING COLLEGE,KANCHEEPURAM,883,229,25.93,14,203.0,19.0,303.0,50.0,178.0,39.0,199.0,121.0,,
192,2602,ANNAI MATHAMMAL SHEELA ENGINEERING COLLEGE,NAMAKKAL,456,118,25.88,14,28.0,2.0,139.0,4.0,127.0,27.0,162.0,85.0,,
193,4989,PSN ENGINEERING COLLEGE,THIRUNELVELI,789,200,25.35,14,316.0,24.0,163.0,24.0,149.0,81.0,161.0,71.0,,
194,1318,T.J. INSTITUTE OF TECHNOLOGY,CHENGALPATTU,261,66,25.29,14,87.0,11.0,62.0,12.0,64.0,19.0,48.0,24.0,,
195,2748,SURYA ENGINEERING COLLEGE,ERODE,918,232,25.27,14,376.0,39.0,221.0,54.0,227.0,101.0,94.0,38.0,,
196,5942,ULTRA COLLEGE OF ENGINEERING AND TECHNOLOGY FOR WOMEN,MADURAI,474,119,25.11,15,137.0,17.0,147.0,30.0,87.0,31.0,103.0,41.0,,
197,2641,VARUVAN VADIVELAN INSTITUTE OF TECHNOLOGY,DHARMAPURI,938,235,25.05,15,317.0,26.0,198.0,33.0,202.0,82.0,221.0,94.0,,
198,3815,PAVENDAR BHARATHIDASAN COLLEGE OF ENGINEERING AND TECHNOLOGY,TIRUCHIRAPPALLI,683,171,25.04,15,144.0,2.0,161.0,22.0,194.0,73.0,184.0,74.0,,
199,1232,ARM COLLEGE OF ENGINEERING AND TECHNOLOGY,CHENGALPATTU,402,99,24.63,15,132.0,13.0,122.0,22.0,77.0,31.0,71.0,33.0,,
200,1427,SRI KRISHNA ENGINEERING COLLEGE,KANCHEEPURAM,428,104,24.3,15,179.0,34.0,159.0,36.0,57.0,16.0,33.0,18.0,,
201,2772,C M S COLLEGE OF ENGINEERING AND TECHNOLOGY,COIMBATORE,1133,275,24.27,15,402.0,61.0,328.0,71.0,239.0,120.0,164.0,23.0,,
202,1449,SARASWATHY COLLEGE OF ENGINEERING AND TECHNOLOGY,VILLUPURAM,772,187,24.22,15,245.0,17.0,219.0,42.0,168.0,58.0,140.0,70.0,,
203,1235,J E I MATHAAJEE COLLEGE OF ENGINEERING,KANCHEEPURAM,167,40,23.95,15,23.0,9.0,78.0,10.0,36.0,13.0,30.0,8.0,,
204,2614,S.S.M. COLLEGE OF ENGINEERING,NAMAKKAL,1328,317,23.87,15,216.0,18.0,417.0,53.0,342.0,103.0,353.0,143.0,,
205,4925,SUN COLLEGE OF ENGINEERING AND TECHNOLOGY,KANYAKUMARI,341,80,23.46,15,132.0,16.0,131.0,34.0,57.0,22.0,21.0,8.0,,
206,3848,VANDAYAR ENGINEERING COLLEGE,THANJAVUR,154,36,23.38,15,65.0,2.0,25.0,6.0,39.0,18.0,25.0,10.0,,
207,4949,PSN INSTITUTE OF TECHNOLOGY AND SCIENCE,THIRUNELVELI,734,169,23.02,15,244.0,25.0,204.0,7.0,162.0,58.0,124.0,79.0,,
208,3016,"UNIVERSITY COLLEGE OF ENGINEERING, ARIYALUR",ARIYALUR,593,136,22.93,15,204.0,24.0,151.0,16.0,125.0,39.0,113.0,57.0,,
209,3844,SHIVANI ENGINEERING COLLEGE,TIRUCHIRAPPALLI,907,203,22.38,15,266.0,6.0,241.0,24.0,229.0,99.0,171.0,74.0,,
210,3813,OXFORD ENGINEERING COLLEGE,TIRUCHIRAPPALLI,480,107,22.29,15,130.0,3.0,52.0,6.0,110.0,34.0,188.0,64.0,,
211,5911,P.T.R.COLLEGE OF ENGINEERING AND TECHNOLOGY,MADURAI,213,47,22.07,16,54.0,9.0,65.0,10.0,65.0,16.0,29.0,12.0,,
212,2767,SRG ENGINEERING COLLEGE,NAMAKKAL,342,72,21.05,16,94.0,6.0,97.0,16.0,84.0,19.0,67.0,31.0,,
213,3766,STAR LION COLLEGE OF ENGINEERING AND TECHNOLOGY,THANJAVUR,162,34,20.99,16,21.0,1.0,45.0,5.0,51.0,11.0,45.0,17.0,,
214,2770,STUDYWORLD COLLEGE OF ENGINEERING,COIMBATORE,1146,238,20.77,16,449.0,25.0,291.0,60.0,269.0,93.0,137.0,60.0,,
215,2338,ASIAN COLLEGE OF ENGINEERING AND TECHNOLOGY,COIMBATORE,982,200,20.37,16,232.0,6.0,246.0,8.0,288.0,77.0,216.0,109.0,,
216,1524,ANNAMALAIAR COLLEGE OF ENGINEERING,THIRUVANNAMALAI,366,74,20.22,16,83.0,8.0,128.0,19.0,73.0,21.0,82.0,26.0,,
217,4983,LORD JEGANNATH COLLEGE OF ENGINEERING AND TECHNOLOGY,KANYAKUMARI,293,59,20.14,16,79.0,7.0,87.0,14.0,63.0,15.0,64.0,23.0,,
218,3849,ANNAI COLLEGE OF ENGINEERING AND TECHNOLOGY,THANJAVUR,1212,238,19.64,16,288.0,28.0,431.0,55.0,242.0,63.0,251.0,92.0,,
219,2341,GANESH COLLEGE OF ENGINEERING,SALEM,987,189,19.15,16,337.0,5.0,220.0,16.0,194.0,56.0,236.0,112.0,,
220,1444,R.M. ENGINEERING COLLEGE,CHENGALPATTU,111,21,18.92,16,45.0,3.0,56.0,12.0,4.0,1.0,6.0,5.0,,
221,2332,AISHWARYA COLLEGE OF ENGINEERING AND TECHNOLOGY,ERODE,80,15,18.75,16,8.0,3.0,39.0,8.0,16.0,1.0,17.0,3.0,,
222,1116,SRI VENKATESWARA COLLEGE OF ENGINEERING AND TECHNOLOGY,THIRUVALLUR,798,149,18.67,16,105.0,21.0,260.0,46.0,259.0,40.0,174.0,42.0,,
223,3782,OASYS INSTITUTE OF TECHNOLOGY,TIRUCHIRAPPALLI,1076,200,18.59,16,444.0,10.0,284.0,31.0,245.0,98.0,103.0,61.0,,
224,5930,SBM COLLEGE OF ENGINEERING AND TECHNOLOGY,DINDIGUL,1301,241,18.52,16,278.0,23.0,426.0,53.0,341.0,76.0,256.0,89.0,,
225,1445,SRI RANGAPOOPATHI COLLEGE OF ENGINEERING,VILLUPURAM,526,95,18.06,16,170.0,8.0,96.0,28.0,137.0,26.0,123.0,33.0,,
226,4978,UDAYA SCHOOL OF ENGINEERING,KANYAKUMARI,1743,307,17.61,17,451.0,50.0,587.0,78.0,402.0,92.0,303.0,87.0,,
227,3923,MNSK COLLEGE OF ENGINEERING,PUDUKKOTTAI,75,13,17.33,17,5.0,0.0,36.0,0.0,21.0,11.0,13.0,2.0,,
228,1229,INDIRA INSTITUTE OF ENGINEERING AND TECHNOLOGY,THIRUVALLUR,422,73,17.3,17,114.0,11.0,134.0,19.0,95.0,18.0,79.0,25.0,,
229,3857,MEENAKSHI RAMASWAMY ENGINEERING COLLEGE,ARIYALUR,935,157,16.79,17,145.0,1.0,274.0,20.0,300.0,71.0,216.0,65.0,,
230,3466,NELLIANDAVAR INSTITUTE OF TECHNOLOGY,ARIYALUR,695,111,15.97,17,168.0,1.0,174.0,10.0,165.0,42.0,188.0,58.0,,
231,1503,ARULMIGU MEENAKSHI AMMAN COLLEGE OF ENGINEERING,THIRUVANNAMALAI,250,39,15.6,17,69.0,8.0,91.0,9.0,53.0,10.0,37.0,12.0,,
232,4927,MARIA COLLEGE OF ENGINEERING AND TECHNOLOGY,KANYAKUMARI,420,65,15.48,17,55.0,9.0,147.0,13.0,120.0,14.0,98.0,29.0,,
233,1150,SRI JAYARAM INSTITUTE OF ENGINEERING AND TECHNOLOGY,THIRUVALLUR,346,53,15.32,17,53.0,7.0,112.0,18.0,78.0,13.0,103.0,15.0,,
234,4953,CAPE INSTITUTE OF TECHNOLOGY,THIRUNELVELI,965,143,14.82,17,158.0,7.0,302.0,12.0,308.0,58.0,197.0,66.0,,
235,1209,PALLAVAN COLLEGE OF ENGINEERING,KANCHEEPURAM,280,41,14.64,17,61.0,13.0,96.0,8.0,66.0,6.0,57.0,14.0,,
236,4956,JAYAMATHA ENGINEERING COLLEGE,KANYAKUMARI,257,37,14.4,17,3.0,0.0,30.0,1.0,90.0,17.0,134.0,19.0,,
237,3855,AS-SALAM COLLEGE OF ENGINEERING AND TECHNOLOGY,THANJAVUR,469,67,14.29,17,46.0,1.0,144.0,9.0,135.0,18.0,144.0,39.0,,
238,2658,VSA GROUP OF INSTITUTIONS,SALEM,652,89,13.65,17,172.0,3.0,189.0,17.0,179.0,37.0,112.0,32.0,,
239,1221,JAYA COLLEGE OF ENGINEERING AND TECHNOLOGY,THIRUVALLUR,130,17,13.08,17,27.0,2.0,42.0,4.0,39.0,9.0,22.0,2.0,,
240,1335,SRI KRISHNA INSTITUTE OF TECHNOLOGY,KANCHEEPURAM,294,38,12.93,17,69.0,11.0,138.0,16.0,55.0,7.0,32.0,4.0,,
241,5851,VEERAMMAL ENGINEERING COLLEGE,DINDIGUL,146,15,10.27,18,72.0,8.0,40.0,4.0,32.0,1.0,2.0,2.0,,
242,1526,SRI KRISHNA COLLEGE OF ENGINEERING,RANIPET,270,27,10.0,18,25.0,2.0,62.0,0.0,81.0,7.0,102.0,18.0,,
243,1107,JAYA INSTITUTE OF TECHNOLOGY,THIRUVALLUR,220,22,10.0,18,47.0,5.0,106.0,6.0,34.0,7.0,33.0,4.0,,
244,3845,IMAYAM COLLEGE OF ENGINEERING,TIRUCHIRAPPALLI,665,66,9.92,18,363.0,2.0,142.0,10.0,89.0,26.0,71.0,28.0,,
245,3854,MAHATH AMMA INSTITUTE OF ENGINEERING AND TECHNOLOGY,PUDUKKOTTAI,655,62,9.47,18,71.0,3.0,262.0,16.0,212.0,22.0,110.0,21.0,,
246,1511,RANIPPETTAI ENGINEERING COLLEGE,RANIPET,138,12,8.7,18,22.0,5.0,47.0,3.0,44.0,4.0,25.0,0.0,,
247,1529,OXFORD COLLEGE OF ENGINEERING,THIRUVANNAMALAI,150,13,8.67,18,30.0,7.0,75.0,1.0,9.0,1.0,36.0,4.0,,
248,1121,SRI VENKATESWARA INSTITUTE OF SCIENCE AND TECHNOLOGY,THIRUVALLUR,384,28,7.29,18,59.0,1.0,187.0,9.0,67.0,10.0,71.0,8.0,,
249,3808,JAYARAM COLLEGE OF ENGINEERING AND TECHNOLOGY,TIRUCHIRAPPALLI,213,14,6.57,18,15.0,2.0,112.0,2.0,55.0,6.0,31.0,4.0,,
250,1438,SREE KRISHNA COLLEGE OF ENGINEERING,VELLORE,314,18,5.73,18,45.0,3.0,138.0,5.0,67.0,2.0,64.0,8.0,,
251,1402,ANNAI TERESA COLLEGE OF ENGINEERING,KALLAKURICHI,525,26,4.95,18,42.0,0.0,197.0,5.0,187.0,9.0,99.0,12.0,,
252,1415,T.S.M. JAIN COLLEGE OF TECHNOLOGY,KALLAKURICHI,382,12,3.14,18,15.0,0.0,182.0,1.0,86.0,3.0,99.0,8.0,,
253,5924,GANAPATHY CHETTIAR COLLEGE OF ENGINEERING AND TECHNOLOGY,RAMANATHAPURAM,223,6,2.69,18,26.0,0.0,94.0,1.0,57.0,1.0,46.0,4.0,,
254,4998,MAHAKAVI BHARATHIYAR COLLEGE OF ENGINEERING AND TECHNOLOGY,TENKASI,90,2,2.22,18,3.0,0.0,43.0,0.0,16.0,2.0,28.0,0.0,,
255,2350,JAIRUPAA COLLEGE OF ENGINEERING,TIRUPPUR,193,2,1.04,18,8.0,1.0,91.0,1.0,72.0,0.0,22.0,0.0,,
256,2616,SAPTHAGIRI COLLEGE OF ENGINEERING,DHARMAPURI,489,5,1.02,19,17.0,0.0,206.0,1.0,183.0,3.0,83.0,1.0,,
257,4943,SATYAM COLLEGE OF ENGINEERING AND TECHNOLOGY,KANYAKUMARI,774,7,0.9,19,74.0,7.0,231.0,0.0,288.0,0.0,181.0,0.0,,
1,4995,P.S.R.R COLLEGE OF ENGINEERING,VIRUDHUNAGAR,469,344,73.35,20,,,123.0,72.0,194.0,144.0,152.0,128.0,,
2,4986,NOORUL ISLAM COLLEGE OF ENGINEERING AND TECHNOLOGY,KANYAKUMARI,91,28,30.77,20,57.0,8.0,14.0,7.0,20.0,13.0,,,,
3,3460,SURYA COLLEGE OF ENGINEERING,TIRUCHIRAPPALLI,89,20,22.47,20,,,19.0,2.0,22.0,5.0,48.0,13.0,,
4,4937,A.R. COLLEGE OF ENGINEERING AND TECHNOLOGY,TENKASI,26,4,15.38,20,,,18.0,3.0,4.0,0.0,4.0,1.0,,
5,3802,SHRI ANGALA AMMAN COLLEGE OF ENGINEERING AND TECHNOLOGY,TIRUCHIRAPPALLI,69,7,10.14,20,,,5.0,0.0,41.0,4.0,23.0,3.0,,
6,5537,JAINEE COLLEGE OF ENGINEERING AND TECHNOLOGY,DINDIGUL,49,3,6.12,20,41.0,1.0,,,1.0,0.0,7.0,2.0,,
7,2368,VISHNU LAKSHMI COLLEGE OF ENGINEERING & TECHNOLOGY,COIMBATORE,251,1,0.4,20,,,159.0,0.0,85.0,0.0,7.0,1.0,,
1,2661,VIVEKANANDHA COLLEGE OF TECHNOLOGY FOR WOMEN,NAMAKKAL,651,589,90.48,21,,,,,352.0,306.0,299.0,283.0,,
2,4972,AMRITA COLLEGE OF ENGINEERING AND TECHNOLOGY,KANYAKUMARI,722,535,74.1,21,,,,,373.0,248.0,349.0,287.0,,
3,2314,MUTHAYAMMAL COLLEGE OF ENGINEERING,NAMAKKAL,429,291,67.83,21,,,,,223.0,147.0,206.0,144.0,,
4,1339,MAHALAKSHMI TECH CAMPUS,CHENGALPATTU,149,74,49.66,21,133.0,61.0,16.0,13.0,,,,,,
5,1333,SHIKSHAA INSTITUTE OF ADVANCED TECHNOLOGIES,CHENGALPATTU,121,30,24.79,21,50.0,10.0,71.0,20.0,,,,,,
6,1102,BHAJARANG ENGINEERING COLLEGE,THIRUVALLUR,24,0,0.0,21,15.0,0.0,9.0,0.0,,,,,,
1,1124,SAMS COLLEGE OF ENGINEERING AND TECHNOLOGY,THIRUVALLUR,8,8,100.0,22,,,,,,,8.0,8.0,,
2,1398,CHENNAI INSTITUTE OF TECHNOLOGY AND APPLIED RESEARCH,KANCHEEPURAM,375,361,96.27,22,,,,,375.0,361.0,,,,
3,1533,PANIMALAR ENGINEERING COLLEGE CHENNAI CITY CAMPUS,CHENNAI,346,323,93.35,22,,,,,,,346.0,323.0,,
4,2665,MAHENDRA INSTITUTE OF ENGINEERING AND TECHNOLOGY,NAMAKKAL,102,68,66.67,22,,,,,,,102.0,68.0,,
5,4948,RAJAS INSTITUTE OF TECHNOLOGY,KANYAKUMARI,14,8,57.14,22,,,,,,,14.0,8.0,,
6,1213,S.K.R. ENGINEERING COLLEGE,THIRUVALLUR,90,41,45.56,22,,,,,,,90.0,41.0,,
7,1203,MADRAS ENGINEERING COLLEGE,KANCHEEPURAM,200,87,43.5,22,200.0,87.0,,,,,,,,
8,3850,VETRI VINAYAHA COLLEGE OF ENGINEERING AND TECHNOLOGY,NAMAKKAL,97,40,41.24,22,,,,,,,97.0,40.0,,
9,2777,HINDUSTHAN COLLEGE OF ENGINEERING,Erode,224,76,33.93,22,224.0,76.0,,,,,,,,
10,2606,JAYAM COLLEGE OF ENGINEERING AND TECHNOLOGY,DHARMAPURI,84,27,32.14,22,,,,,,,84.0,27.0,,
11,5545,G.T.N. COLLEGE OF TECHNOLOGY,DINDIGUL,163,43,26.38,22,163.0,43.0,,,,,,,,
12,5546,JAMAL MOHAMED COLLEGE OF ENGINEERING,DINDIGUL,46,10,21.74,22,46.0,10.0,,,,,,,,
13,2378,CHERRAAN COLLEGE OF TECHNOLOGY,TIRUPPUR,15,3,20.0,22,,,15.0,3.0,,,,,,
14,3477,SRI VIGNESH COLLEGE OF ENGINEERING AND TECHNOLOGY,TIRUCHIRAPPALLI,85,10,11.76,22,85.0,10.0,,,,,,,,
15,1434,SURYA SCHOOL OF ENGINEERING,KANYAKUMARI,156,1,0.64,22,,,156.0,1.0,,,,,,
